file,line,type,commit,author,date,time,timezone,datetime,depth,length
style.css,1,css,3fdfc0db,vipra-b,2026-04-10,22:33:11,-07:00,2026-04-10T22:33:11-07:00,0,26
style.css,2,css,3fdfc0db,vipra-b,2026-04-10,22:33:11,-07:00,2026-04-10T22:33:11-07:00,0,4
style.css,3,css,3fdfc0db,vipra-b,2026-04-10,22:33:11,-07:00,2026-04-10T22:33:11-07:00,2,31
style.css,4,css,3fdfc0db,vipra-b,2026-04-10,22:33:11,-07:00,2026-04-10T22:33:11-07:00,2,32
style.css,5,css,f538ab7d,vipra-b,2026-04-18,23:48:33,-07:00,2026-04-18T23:48:33-07:00,2,23
style.css,6,css,3fdfc0db,vipra-b,2026-04-10,22:33:11,-07:00,2026-04-10T22:33:11-07:00,0,0
style.css,7,css,3fdfc0db,vipra-b,2026-04-10,22:33:11,-07:00,2026-04-10T22:33:11-07:00,0,0
style.css,8,css,3fdfc0db,vipra-b,2026-04-10,22:33:11,-07:00,2026-04-10T22:33:11-07:00,0,40
style.css,9,css,a2abfdcc,vipra-b,2026-04-03,21:19:12,-07:00,2026-04-03T21:19:12-07:00,0,4
style.css,10,css,a2abfdcc,vipra-b,2026-04-03,21:19:12,-07:00,2026-04-03T21:19:12-07:00,2,23
style.css,11,css,3fdfc0db,vipra-b,2026-04-10,22:33:11,-07:00,2026-04-10T22:33:11-07:00,2,15
style.css,12,css,3fdfc0db,vipra-b,2026-04-10,22:33:11,-07:00,2026-04-10T22:33:11-07:00,2,42
style.css,13,css,3fdfc0db,vipra-b,2026-04-10,22:33:11,-07:00,2026-04-10T22:33:11-07:00,0,0
style.css,14,css,3fdfc0db,vipra-b,2026-04-10,22:33:11,-07:00,2026-04-10T22:33:11-07:00,0,0
style.css,15,css,3fdfc0db,vipra-b,2026-04-10,22:33:11,-07:00,2026-04-10T22:33:11-07:00,0,30
style.css,16,css,3fdfc0db,vipra-b,2026-04-10,22:33:11,-07:00,2026-04-10T22:33:11-07:00,0,2
style.css,17,css,3fdfc0db,vipra-b,2026-04-10,22:33:11,-07:00,2026-04-10T22:33:11-07:00,2,14
style.css,18,css,3fdfc0db,vipra-b,2026-04-10,22:33:11,-07:00,2026-04-10T22:33:11-07:00,0,0
style.css,19,css,3fdfc0db,vipra-b,2026-04-10,22:33:11,-07:00,2026-04-10T22:33:11-07:00,0,0
style.css,20,css,3fdfc0db,vipra-b,2026-04-10,22:33:11,-07:00,2026-04-10T22:33:11-07:00,0,22
style.css,21,css,3fdfc0db,vipra-b,2026-04-10,22:33:11,-07:00,2026-04-10T22:33:11-07:00,2,15
style.css,22,css,3fdfc0db,vipra-b,2026-04-10,22:33:11,-07:00,2026-04-10T22:33:11-07:00,2,17
style.css,23,css,3fdfc0db,vipra-b,2026-04-10,22:33:11,-07:00,2026-04-10T22:33:11-07:00,0,0
style.css,24,css,3fdfc0db,vipra-b,2026-04-10,22:33:11,-07:00,2026-04-10T22:33:11-07:00,0,0
style.css,25,css,3fdfc0db,vipra-b,2026-04-10,22:33:11,-07:00,2026-04-10T22:33:11-07:00,0,26
style.css,26,css,3fdfc0db,vipra-b,2026-04-10,22:33:11,-07:00,2026-04-10T22:33:11-07:00,0,3
style.css,27,css,3fdfc0db,vipra-b,2026-04-10,22:33:11,-07:00,2026-04-10T22:33:11-07:00,2,12
style.css,28,css,3fdfc0db,vipra-b,2026-04-10,22:33:11,-07:00,2026-04-10T22:33:11-07:00,2,17
style.css,29,css,f538ab7d,vipra-b,2026-04-18,23:48:33,-07:00,2026-04-18T23:48:33-07:00,2,39
style.css,30,css,f538ab7d,vipra-b,2026-04-18,23:48:33,-07:00,2026-04-18T23:48:33-07:00,2,43
style.css,31,css,3fdfc0db,vipra-b,2026-04-10,22:33:11,-07:00,2026-04-10T22:33:11-07:00,0,0
style.css,32,css,3fdfc0db,vipra-b,2026-04-10,22:33:11,-07:00,2026-04-10T22:33:11-07:00,0,0
style.css,33,css,3fdfc0db,vipra-b,2026-04-10,22:33:11,-07:00,2026-04-10T22:33:11-07:00,0,5
style.css,34,css,3fdfc0db,vipra-b,2026-04-10,22:33:11,-07:00,2026-04-10T22:33:11-07:00,2,6
style.css,35,css,3fdfc0db,vipra-b,2026-04-10,22:33:11,-07:00,2026-04-10T22:33:11-07:00,2,20
style.css,36,css,3fdfc0db,vipra-b,2026-04-10,22:33:11,-07:00,2026-04-10T22:33:11-07:00,2,13
style.css,37,css,3fdfc0db,vipra-b,2026-04-10,22:33:11,-07:00,2026-04-10T22:33:11-07:00,2,17
style.css,38,css,3fdfc0db,vipra-b,2026-04-10,22:33:11,-07:00,2026-04-10T22:33:11-07:00,2,13
style.css,39,css,3fdfc0db,vipra-b,2026-04-10,22:33:11,-07:00,2026-04-10T22:33:11-07:00,0,0
style.css,40,css,3fdfc0db,vipra-b,2026-04-10,22:33:11,-07:00,2026-04-10T22:33:11-07:00,0,0
style.css,41,css,3fdfc0db,vipra-b,2026-04-10,22:33:11,-07:00,2026-04-10T22:33:11-07:00,0,13
style.css,42,css,f538ab7d,vipra-b,2026-04-18,23:48:33,-07:00,2026-04-18T23:48:33-07:00,2,45
style.css,43,css,3fdfc0db,vipra-b,2026-04-10,22:33:11,-07:00,2026-04-10T22:33:11-07:00,2,20
style.css,44,css,3fdfc0db,vipra-b,2026-04-10,22:33:11,-07:00,2026-04-10T22:33:11-07:00,0,0
style.css,45,css,3fdfc0db,vipra-b,2026-04-10,22:33:11,-07:00,2026-04-10T22:33:11-07:00,0,0
style.css,46,css,3fdfc0db,vipra-b,2026-04-10,22:33:11,-07:00,2026-04-10T22:33:11-07:00,0,11
style.css,47,css,3fdfc0db,vipra-b,2026-04-10,22:33:11,-07:00,2026-04-10T22:33:11-07:00,2,45
style.css,48,css,3fdfc0db,vipra-b,2026-04-10,22:33:11,-07:00,2026-04-10T22:33:11-07:00,2,20
style.css,49,css,f538ab7d,vipra-b,2026-04-18,23:48:33,-07:00,2026-04-18T23:48:33-07:00,2,69
style.css,50,css,3fdfc0db,vipra-b,2026-04-10,22:33:11,-07:00,2026-04-10T22:33:11-07:00,0,0
style.css,51,css,3fdfc0db,vipra-b,2026-04-10,22:33:11,-07:00,2026-04-10T22:33:11-07:00,0,0
style.css,52,css,3fdfc0db,vipra-b,2026-04-10,22:33:11,-07:00,2026-04-10T22:33:11-07:00,0,36
style.css,53,css,3fdfc0db,vipra-b,2026-04-10,22:33:11,-07:00,2026-04-10T22:33:11-07:00,0,4
style.css,54,css,3fdfc0db,vipra-b,2026-04-10,22:33:11,-07:00,2026-04-10T22:33:11-07:00,2,12
style.css,55,css,3fdfc0db,vipra-b,2026-04-10,22:33:11,-07:00,2026-04-10T22:33:11-07:00,2,30
style.css,56,css,3fdfc0db,vipra-b,2026-04-10,22:33:11,-07:00,2026-04-10T22:33:11-07:00,2,7
style.css,57,css,3fdfc0db,vipra-b,2026-04-10,22:33:11,-07:00,2026-04-10T22:33:11-07:00,0,0
style.css,58,css,3fdfc0db,vipra-b,2026-04-10,22:33:11,-07:00,2026-04-10T22:33:11-07:00,0,0
style.css,59,css,3fdfc0db,vipra-b,2026-04-10,22:33:11,-07:00,2026-04-10T22:33:11-07:00,0,10
style.css,60,css,3fdfc0db,vipra-b,2026-04-10,22:33:11,-07:00,2026-04-10T22:33:11-07:00,2,12
style.css,61,css,3fdfc0db,vipra-b,2026-04-10,22:33:11,-07:00,2026-04-10T22:33:11-07:00,2,29
style.css,62,css,3fdfc0db,vipra-b,2026-04-10,22:33:11,-07:00,2026-04-10T22:33:11-07:00,2,18
style.css,63,css,3fdfc0db,vipra-b,2026-04-10,22:33:11,-07:00,2026-04-10T22:33:11-07:00,0,0
style.css,64,css,3fdfc0db,vipra-b,2026-04-10,22:33:11,-07:00,2026-04-10T22:33:11-07:00,0,0
style.css,65,css,3fdfc0db,vipra-b,2026-04-10,22:33:11,-07:00,2026-04-10T22:33:11-07:00,0,11
style.css,66,css,3fdfc0db,vipra-b,2026-04-10,22:33:11,-07:00,2026-04-10T22:33:11-07:00,2,18
style.css,67,css,3fdfc0db,vipra-b,2026-04-10,22:33:11,-07:00,2026-04-10T22:33:11-07:00,0,0
style.css,68,css,3fdfc0db,vipra-b,2026-04-10,22:33:11,-07:00,2026-04-10T22:33:11-07:00,0,0
style.css,69,css,f538ab7d,vipra-b,2026-04-18,23:48:33,-07:00,2026-04-18T23:48:33-07:00,0,31
style.css,70,css,3fdfc0db,vipra-b,2026-04-10,22:33:11,-07:00,2026-04-10T22:33:11-07:00,2,12
style.css,71,css,3fdfc0db,vipra-b,2026-04-10,22:33:11,-07:00,2026-04-10T22:33:11-07:00,0,0
style.css,72,css,3fdfc0db,vipra-b,2026-04-10,22:33:11,-07:00,2026-04-10T22:33:11-07:00,0,0
style.css,73,css,f538ab7d,vipra-b,2026-04-18,23:48:33,-07:00,2026-04-18T23:48:33-07:00,0,13
style.css,74,css,ffca5993,vipra-b,2026-04-18,23:51:47,-07:00,2026-04-18T23:51:47-07:00,2,14
style.css,75,css,f538ab7d,vipra-b,2026-04-18,23:48:33,-07:00,2026-04-18T23:48:33-07:00,2,8
style.css,76,css,f538ab7d,vipra-b,2026-04-18,23:48:33,-07:00,2026-04-18T23:48:33-07:00,2,10
style.css,77,css,f538ab7d,vipra-b,2026-04-18,23:48:33,-07:00,2026-04-18T23:48:33-07:00,2,13
style.css,78,css,f538ab7d,vipra-b,2026-04-18,23:48:33,-07:00,2026-04-18T23:48:33-07:00,0,0
style.css,79,css,f538ab7d,vipra-b,2026-04-18,23:48:33,-07:00,2026-04-18T23:48:33-07:00,0,0
style.css,80,css,14eb8b07,vipra-b,2026-04-24,20:51:31,-07:00,2026-04-24T20:51:31-07:00,0,0
style.css,81,css,b581d175,vipra-b,2026-04-24,20:30:55,-07:00,2026-04-24T20:30:55-07:00,0,28
style.css,82,css,b581d175,vipra-b,2026-04-24,20:30:55,-07:00,2026-04-24T20:30:55-07:00,2,14
style.css,83,css,b581d175,vipra-b,2026-04-24,20:30:55,-07:00,2026-04-24T20:30:55-07:00,2,47
style.css,84,css,b581d175,vipra-b,2026-04-24,20:30:55,-07:00,2026-04-24T20:30:55-07:00,2,44
style.css,85,css,b581d175,vipra-b,2026-04-24,20:30:55,-07:00,2026-04-24T20:30:55-07:00,2,19
style.css,86,css,b581d175,vipra-b,2026-04-24,20:30:55,-07:00,2026-04-24T20:30:55-07:00,2,28
style.css,87,css,b581d175,vipra-b,2026-04-24,20:30:55,-07:00,2026-04-24T20:30:55-07:00,2,62
style.css,88,css,b581d175,vipra-b,2026-04-24,20:30:55,-07:00,2026-04-24T20:30:55-07:00,0,0
style.css,89,css,b581d175,vipra-b,2026-04-24,20:30:55,-07:00,2026-04-24T20:30:55-07:00,0,0
style.css,90,css,b581d175,vipra-b,2026-04-24,20:30:55,-07:00,2026-04-24T20:30:55-07:00,0,28
style.css,91,css,b581d175,vipra-b,2026-04-24,20:30:55,-07:00,2026-04-24T20:30:55-07:00,2,21
style.css,92,css,b581d175,vipra-b,2026-04-24,20:30:55,-07:00,2026-04-24T20:30:55-07:00,0,0
style.css,93,css,b581d175,vipra-b,2026-04-24,20:30:55,-07:00,2026-04-24T20:30:55-07:00,0,0
style.css,94,css,b581d175,vipra-b,2026-04-24,20:30:55,-07:00,2026-04-24T20:30:55-07:00,0,22
style.css,95,css,b581d175,vipra-b,2026-04-24,20:30:55,-07:00,2026-04-24T20:30:55-07:00,2,17
style.css,96,css,b581d175,vipra-b,2026-04-24,20:30:55,-07:00,2026-04-24T20:30:55-07:00,2,14
style.css,97,css,b581d175,vipra-b,2026-04-24,20:30:55,-07:00,2026-04-24T20:30:55-07:00,2,15
style.css,98,css,b581d175,vipra-b,2026-04-24,20:30:55,-07:00,2026-04-24T20:30:55-07:00,2,16
style.css,99,css,b581d175,vipra-b,2026-04-24,20:30:55,-07:00,2026-04-24T20:30:55-07:00,2,15
style.css,100,css,b581d175,vipra-b,2026-04-24,20:30:55,-07:00,2026-04-24T20:30:55-07:00,2,20
style.css,101,css,b581d175,vipra-b,2026-04-24,20:30:55,-07:00,2026-04-24T20:30:55-07:00,2,20
style.css,102,css,b581d175,vipra-b,2026-04-24,20:30:55,-07:00,2026-04-24T20:30:55-07:00,0,0
style.css,103,css,b581d175,vipra-b,2026-04-24,20:30:55,-07:00,2026-04-24T20:30:55-07:00,0,0
style.css,104,css,b581d175,vipra-b,2026-04-24,20:30:55,-07:00,2026-04-24T20:30:55-07:00,0,29
style.css,105,css,b581d175,vipra-b,2026-04-24,20:30:55,-07:00,2026-04-24T20:30:55-07:00,2,16
style.css,106,css,b581d175,vipra-b,2026-04-24,20:30:55,-07:00,2026-04-24T20:30:55-07:00,2,11
style.css,107,css,b581d175,vipra-b,2026-04-24,20:30:55,-07:00,2026-04-24T20:30:55-07:00,2,11
style.css,108,css,b581d175,vipra-b,2026-04-24,20:30:55,-07:00,2026-04-24T20:30:55-07:00,2,31
style.css,109,css,b581d175,vipra-b,2026-04-24,20:30:55,-07:00,2026-04-24T20:30:55-07:00,0,0
style.css,110,css,b581d175,vipra-b,2026-04-24,20:30:55,-07:00,2026-04-24T20:30:55-07:00,0,0
style.css,111,css,b581d175,vipra-b,2026-04-24,20:30:55,-07:00,2026-04-24T20:30:55-07:00,0,43
style.css,112,css,b581d175,vipra-b,2026-04-24,20:30:55,-07:00,2026-04-24T20:30:55-07:00,2,24
style.css,113,css,b581d175,vipra-b,2026-04-24,20:30:55,-07:00,2026-04-24T20:30:55-07:00,0,0
style.css,114,css,b581d175,vipra-b,2026-04-24,20:30:55,-07:00,2026-04-24T20:30:55-07:00,0,0
style.css,115,css,b581d175,vipra-b,2026-04-24,20:30:55,-07:00,2026-04-24T20:30:55-07:00,0,23
style.css,116,css,b581d175,vipra-b,2026-04-24,20:30:55,-07:00,2026-04-24T20:30:55-07:00,2,16
style.css,117,css,b581d175,vipra-b,2026-04-24,20:30:55,-07:00,2026-04-24T20:30:55-07:00,0,0
style.css,118,css,b581d175,vipra-b,2026-04-24,20:30:55,-07:00,2026-04-24T20:30:55-07:00,0,0
style.css,119,css,b581d175,vipra-b,2026-04-24,20:30:55,-07:00,2026-04-24T20:30:55-07:00,0,26
style.css,120,css,b581d175,vipra-b,2026-04-24,20:30:55,-07:00,2026-04-24T20:30:55-07:00,2,12
style.css,121,css,b581d175,vipra-b,2026-04-24,20:30:55,-07:00,2026-04-24T20:30:55-07:00,2,36
style.css,122,css,b581d175,vipra-b,2026-04-24,20:30:55,-07:00,2026-04-24T20:30:55-07:00,2,16
style.css,123,css,b581d175,vipra-b,2026-04-24,20:30:55,-07:00,2026-04-24T20:30:55-07:00,2,8
style.css,124,css,b581d175,vipra-b,2026-04-24,20:30:55,-07:00,2026-04-24T20:30:55-07:00,2,9
style.css,125,css,b581d175,vipra-b,2026-04-24,20:30:55,-07:00,2026-04-24T20:30:55-07:00,0,0
style.css,126,css,b581d175,vipra-b,2026-04-24,20:30:55,-07:00,2026-04-24T20:30:55-07:00,0,0
style.css,127,css,b581d175,vipra-b,2026-04-24,20:30:55,-07:00,2026-04-24T20:30:55-07:00,0,26
style.css,128,css,b581d175,vipra-b,2026-04-24,20:30:55,-07:00,2026-04-24T20:30:55-07:00,2,10
style.css,129,css,b581d175,vipra-b,2026-04-24,20:30:55,-07:00,2026-04-24T20:30:55-07:00,2,8
style.css,130,css,b581d175,vipra-b,2026-04-24,20:30:55,-07:00,2026-04-24T20:30:55-07:00,2,15
style.css,131,css,b581d175,vipra-b,2026-04-24,20:30:55,-07:00,2026-04-24T20:30:55-07:00,2,16
style.css,132,css,b581d175,vipra-b,2026-04-24,20:30:55,-07:00,2026-04-24T20:30:55-07:00,2,17
style.css,133,css,b581d175,vipra-b,2026-04-24,20:30:55,-07:00,2026-04-24T20:30:55-07:00,2,66
style.css,134,css,b581d175,vipra-b,2026-04-24,20:30:55,-07:00,2026-04-24T20:30:55-07:00,0,0
style.css,135,css,b581d175,vipra-b,2026-04-24,20:30:55,-07:00,2026-04-24T20:30:55-07:00,0,0
style.css,136,css,b581d175,vipra-b,2026-04-24,20:30:55,-07:00,2026-04-24T20:30:55-07:00,0,26
style.css,137,css,b581d175,vipra-b,2026-04-24,20:30:55,-07:00,2026-04-24T20:30:55-07:00,2,10
style.css,138,css,b581d175,vipra-b,2026-04-24,20:30:55,-07:00,2026-04-24T20:30:55-07:00,2,8
style.css,139,css,b581d175,vipra-b,2026-04-24,20:30:55,-07:00,2026-04-24T20:30:55-07:00,2,16
style.css,140,css,b581d175,vipra-b,2026-04-24,20:30:55,-07:00,2026-04-24T20:30:55-07:00,2,15
style.css,141,css,b581d175,vipra-b,2026-04-24,20:30:55,-07:00,2026-04-24T20:30:55-07:00,2,17
style.css,142,css,b581d175,vipra-b,2026-04-24,20:30:55,-07:00,2026-04-24T20:30:55-07:00,2,33
style.css,143,css,b581d175,vipra-b,2026-04-24,20:30:55,-07:00,2026-04-24T20:30:55-07:00,0,0
style.css,144,css,b581d175,vipra-b,2026-04-24,20:30:55,-07:00,2026-04-24T20:30:55-07:00,0,0
style.css,145,css,8cbf0be9,vipra-b,2026-05-01,23:38:49,-07:00,2026-05-01T23:38:49-07:00,0,23
style.css,146,css,8cbf0be9,vipra-b,2026-05-01,23:38:49,-07:00,2026-05-01T23:38:49-07:00,0,13
style.css,147,css,8cbf0be9,vipra-b,2026-05-01,23:38:49,-07:00,2026-05-01T23:38:49-07:00,2,11
style.css,148,css,8cbf0be9,vipra-b,2026-05-01,23:38:49,-07:00,2026-05-01T23:38:49-07:00,0,0
style.css,149,css,8cbf0be9,vipra-b,2026-05-01,23:38:49,-07:00,2026-05-01T23:38:49-07:00,0,0
style.css,150,css,8cbf0be9,vipra-b,2026-05-01,23:38:49,-07:00,2026-05-01T23:38:49-07:00,0,13
style.css,151,css,8cbf0be9,vipra-b,2026-05-01,23:38:49,-07:00,2026-05-01T23:38:49-07:00,2,17
style.css,152,css,8cbf0be9,vipra-b,2026-05-01,23:38:49,-07:00,2026-05-01T23:38:49-07:00,2,49
style.css,153,css,8cbf0be9,vipra-b,2026-05-01,23:38:49,-07:00,2026-05-01T23:38:49-07:00,2,34
style.css,154,css,8cbf0be9,vipra-b,2026-05-01,23:38:49,-07:00,2026-05-01T23:38:49-07:00,2,25
style.css,155,css,8cbf0be9,vipra-b,2026-05-01,23:38:49,-07:00,2026-05-01T23:38:49-07:00,2,16
style.css,156,css,8cbf0be9,vipra-b,2026-05-01,23:38:49,-07:00,2026-05-01T23:38:49-07:00,0,0
style.css,157,css,8cbf0be9,vipra-b,2026-05-01,23:38:49,-07:00,2026-05-01T23:38:49-07:00,0,0
style.css,158,css,8cbf0be9,vipra-b,2026-05-01,23:38:49,-07:00,2026-05-01T23:38:49-07:00,0,26
style.css,159,css,8cbf0be9,vipra-b,2026-05-01,23:38:49,-07:00,2026-05-01T23:38:49-07:00,0,25
style.css,160,css,8cbf0be9,vipra-b,2026-05-01,23:38:49,-07:00,2026-05-01T23:38:49-07:00,2,12
style.css,161,css,8cbf0be9,vipra-b,2026-05-01,23:38:49,-07:00,2026-05-01T23:38:49-07:00,2,14
style.css,162,css,8cbf0be9,vipra-b,2026-05-01,23:38:49,-07:00,2026-05-01T23:38:49-07:00,2,18
style.css,163,css,8cbf0be9,vipra-b,2026-05-01,23:38:49,-07:00,2026-05-01T23:38:49-07:00,2,15
style.css,164,css,8cbf0be9,vipra-b,2026-05-01,23:38:49,-07:00,2026-05-01T23:38:49-07:00,2,24
style.css,165,css,8cbf0be9,vipra-b,2026-05-01,23:38:49,-07:00,2026-05-01T23:38:49-07:00,0,0
style.css,166,css,8cbf0be9,vipra-b,2026-05-01,23:38:49,-07:00,2026-05-01T23:38:49-07:00,0,0
style.css,167,css,8cbf0be9,vipra-b,2026-05-01,23:38:49,-07:00,2026-05-01T23:38:49-07:00,0,18
style.css,168,css,8cbf0be9,vipra-b,2026-05-01,23:38:49,-07:00,2026-05-01T23:38:49-07:00,2,14
style.css,169,css,8cbf0be9,vipra-b,2026-05-01,23:38:49,-07:00,2026-05-01T23:38:49-07:00,2,13
style.css,170,css,8cbf0be9,vipra-b,2026-05-01,23:38:49,-07:00,2026-05-01T23:38:49-07:00,2,14
style.css,171,css,8cbf0be9,vipra-b,2026-05-01,23:38:49,-07:00,2026-05-01T23:38:49-07:00,2,16
style.css,172,css,8cbf0be9,vipra-b,2026-05-01,23:38:49,-07:00,2026-05-01T23:38:49-07:00,0,0
style.css,173,css,8cbf0be9,vipra-b,2026-05-01,23:38:49,-07:00,2026-05-01T23:38:49-07:00,0,0
style.css,174,css,8cbf0be9,vipra-b,2026-05-01,23:38:49,-07:00,2026-05-01T23:38:49-07:00,0,51
style.css,175,css,8cbf0be9,vipra-b,2026-05-01,23:38:49,-07:00,2026-05-01T23:38:49-07:00,2,11
style.css,176,css,8cbf0be9,vipra-b,2026-05-01,23:38:49,-07:00,2026-05-01T23:38:49-07:00,0,0
style.css,177,css,8cbf0be9,vipra-b,2026-05-01,23:38:49,-07:00,2026-05-01T23:38:49-07:00,0,0
style.css,178,css,8cbf0be9,vipra-b,2026-05-01,23:38:49,-07:00,2026-05-01T23:38:49-07:00,0,23
style.css,179,css,8cbf0be9,vipra-b,2026-05-01,23:38:49,-07:00,2026-05-01T23:38:49-07:00,2,65
style.css,180,css,8cbf0be9,vipra-b,2026-05-01,23:38:49,-07:00,2026-05-01T23:38:49-07:00,2,14
style.css,181,css,8cbf0be9,vipra-b,2026-05-01,23:38:49,-07:00,2026-05-01T23:38:49-07:00,0,0
style.css,182,css,8cbf0be9,vipra-b,2026-05-01,23:38:49,-07:00,2026-05-01T23:38:49-07:00,0,0
style.css,183,css,8cbf0be9,vipra-b,2026-05-01,23:38:49,-07:00,2026-05-01T23:38:49-07:00,0,65
style.css,184,css,8cbf0be9,vipra-b,2026-05-01,23:38:49,-07:00,2026-05-01T23:38:49-07:00,0,43
style.css,185,css,8cbf0be9,vipra-b,2026-05-01,23:38:49,-07:00,2026-05-01T23:38:49-07:00,2,35
style.css,186,css,8cbf0be9,vipra-b,2026-05-01,23:38:49,-07:00,2026-05-01T23:38:49-07:00,2,9
style.css,187,css,8cbf0be9,vipra-b,2026-05-01,23:38:49,-07:00,2026-05-01T23:38:49-07:00,2,11
style.css,188,css,8cbf0be9,vipra-b,2026-05-01,23:38:49,-07:00,2026-05-01T23:38:49-07:00,0,0
style.css,189,css,8cbf0be9,vipra-b,2026-05-01,23:38:49,-07:00,2026-05-01T23:38:49-07:00,0,0
style.css,190,css,8cbf0be9,vipra-b,2026-05-01,23:38:49,-07:00,2026-05-01T23:38:49-07:00,0,40
style.css,191,css,8cbf0be9,vipra-b,2026-05-01,23:38:49,-07:00,2026-05-01T23:38:49-07:00,2,12
style.css,192,css,8cbf0be9,vipra-b,2026-05-01,23:38:49,-07:00,2026-05-01T23:38:49-07:00,2,22
style.css,193,css,8cbf0be9,vipra-b,2026-05-01,23:38:49,-07:00,2026-05-01T23:38:49-07:00,0,0
style.css,194,css,8cbf0be9,vipra-b,2026-05-01,23:38:49,-07:00,2026-05-01T23:38:49-07:00,0,0
style.css,195,css,8cbf0be9,vipra-b,2026-05-01,23:38:49,-07:00,2026-05-01T23:38:49-07:00,0,7
style.css,196,css,8cbf0be9,vipra-b,2026-05-01,23:38:49,-07:00,2026-05-01T23:38:49-07:00,2,6
style.css,197,css,8cbf0be9,vipra-b,2026-05-01,23:38:49,-07:00,2026-05-01T23:38:49-07:00,2,14
style.css,198,css,8cbf0be9,vipra-b,2026-05-01,23:38:49,-07:00,2026-05-01T23:38:49-07:00,2,15
style.css,199,css,8cbf0be9,vipra-b,2026-05-01,23:38:49,-07:00,2026-05-01T23:38:49-07:00,2,8
style.css,200,css,8cbf0be9,vipra-b,2026-05-01,23:38:49,-07:00,2026-05-01T23:38:49-07:00,2,21
style.css,201,css,8cbf0be9,vipra-b,2026-05-01,23:38:49,-07:00,2026-05-01T23:38:49-07:00,2,12
style.css,202,css,8cbf0be9,vipra-b,2026-05-01,23:38:49,-07:00,2026-05-01T23:38:49-07:00,2,57
style.css,203,css,8cbf0be9,vipra-b,2026-05-01,23:38:49,-07:00,2026-05-01T23:38:49-07:00,2,16
style.css,204,css,8cbf0be9,vipra-b,2026-05-01,23:38:49,-07:00,2026-05-01T23:38:49-07:00,2,41
style.css,205,css,8cbf0be9,vipra-b,2026-05-01,23:38:49,-07:00,2026-05-01T23:38:49-07:00,2,20
style.css,206,css,8cbf0be9,vipra-b,2026-05-01,23:38:49,-07:00,2026-05-01T23:38:49-07:00,2,62
style.css,207,css,8cbf0be9,vipra-b,2026-05-01,23:38:49,-07:00,2026-05-01T23:38:49-07:00,0,0
style.css,208,css,8cbf0be9,vipra-b,2026-05-01,23:38:49,-07:00,2026-05-01T23:38:49-07:00,0,0
style.css,209,css,8cbf0be9,vipra-b,2026-05-01,23:38:49,-07:00,2026-05-01T23:38:49-07:00,0,13
style.css,210,css,8cbf0be9,vipra-b,2026-05-01,23:38:49,-07:00,2026-05-01T23:38:49-07:00,2,12
style.css,211,css,8cbf0be9,vipra-b,2026-05-01,23:38:49,-07:00,2026-05-01T23:38:49-07:00,2,18
style.css,212,css,8cbf0be9,vipra-b,2026-05-01,23:38:49,-07:00,2026-05-01T23:38:49-07:00,2,10
style.css,213,css,8cbf0be9,vipra-b,2026-05-01,23:38:49,-07:00,2026-05-01T23:38:49-07:00,2,14
style.css,214,css,8cbf0be9,vipra-b,2026-05-01,23:38:49,-07:00,2026-05-01T23:38:49-07:00,2,8
style.css,215,css,8cbf0be9,vipra-b,2026-05-01,23:38:49,-07:00,2026-05-01T23:38:49-07:00,0,0
style.css,216,css,8cbf0be9,vipra-b,2026-05-01,23:38:49,-07:00,2026-05-01T23:38:49-07:00,0,0
style.css,217,css,8cbf0be9,vipra-b,2026-05-01,23:38:49,-07:00,2026-05-01T23:38:49-07:00,0,21
style.css,218,css,8cbf0be9,vipra-b,2026-05-01,23:38:49,-07:00,2026-05-01T23:38:49-07:00,2,13
style.css,219,css,8cbf0be9,vipra-b,2026-05-01,23:38:49,-07:00,2026-05-01T23:38:49-07:00,2,12
style.css,220,css,8cbf0be9,vipra-b,2026-05-01,23:38:49,-07:00,2026-05-01T23:38:49-07:00,2,18
style.css,221,css,8cbf0be9,vipra-b,2026-05-01,23:38:49,-07:00,2026-05-01T23:38:49-07:00,2,17
style.css,222,css,8cbf0be9,vipra-b,2026-05-01,23:38:49,-07:00,2026-05-01T23:38:49-07:00,2,29
style.css,223,css,8cbf0be9,vipra-b,2026-05-01,23:38:49,-07:00,2026-05-01T23:38:49-07:00,2,20
style.css,224,css,8cbf0be9,vipra-b,2026-05-01,23:38:49,-07:00,2026-05-01T23:38:49-07:00,0,0
style.css,225,css,8cbf0be9,vipra-b,2026-05-01,23:38:49,-07:00,2026-05-01T23:38:49-07:00,0,0
style.css,226,css,8cbf0be9,vipra-b,2026-05-01,23:38:49,-07:00,2026-05-01T23:38:49-07:00,0,23
style.css,227,css,8cbf0be9,vipra-b,2026-05-01,23:38:49,-07:00,2026-05-01T23:38:49-07:00,2,38
style.css,228,css,8cbf0be9,vipra-b,2026-05-01,23:38:49,-07:00,2026-05-01T23:38:49-07:00,2,9
style.css,229,css,8cbf0be9,vipra-b,2026-05-01,23:38:49,-07:00,2026-05-01T23:38:49-07:00,2,11
style.css,230,css,8cbf0be9,vipra-b,2026-05-01,23:38:49,-07:00,2026-05-01T23:38:49-07:00,0,0
style.css,231,css,8cbf0be9,vipra-b,2026-05-01,23:38:49,-07:00,2026-05-01T23:38:49-07:00,0,0
style.css,232,css,8cbf0be9,vipra-b,2026-05-01,23:38:49,-07:00,2026-05-01T23:38:49-07:00,0,20
style.css,233,css,8cbf0be9,vipra-b,2026-05-01,23:38:49,-07:00,2026-05-01T23:38:49-07:00,2,12
style.css,234,css,8cbf0be9,vipra-b,2026-05-01,23:38:49,-07:00,2026-05-01T23:38:49-07:00,2,22
style.css,235,css,8cbf0be9,vipra-b,2026-05-01,23:38:49,-07:00,2026-05-01T23:38:49-07:00,0,0
style.css,236,css,8cbf0be9,vipra-b,2026-05-01,23:38:49,-07:00,2026-05-01T23:38:49-07:00,0,0
style.css,237,css,8cbf0be9,vipra-b,2026-05-01,23:38:49,-07:00,2026-05-01T23:38:49-07:00,0,10
style.css,238,css,8cbf0be9,vipra-b,2026-05-01,23:38:49,-07:00,2026-05-01T23:38:49-07:00,2,22
style.css,239,css,8cbf0be9,vipra-b,2026-05-01,23:38:49,-07:00,2026-05-01T23:38:49-07:00,2,17
style.css,240,css,8cbf0be9,vipra-b,2026-05-01,23:38:49,-07:00,2026-05-01T23:38:49-07:00,2,12
style.css,241,css,8cbf0be9,vipra-b,2026-05-01,23:38:49,-07:00,2026-05-01T23:38:49-07:00,2,21
style.css,242,css,8cbf0be9,vipra-b,2026-05-01,23:38:49,-07:00,2026-05-01T23:38:49-07:00,2,20
style.css,243,css,8cbf0be9,vipra-b,2026-05-01,23:38:49,-07:00,2026-05-01T23:38:49-07:00,2,41
style.css,244,css,8cbf0be9,vipra-b,2026-05-01,23:38:49,-07:00,2026-05-01T23:38:49-07:00,0,0
style.css,245,css,8cbf0be9,vipra-b,2026-05-01,23:38:49,-07:00,2026-05-01T23:38:49-07:00,0,0
style.css,246,css,3fdfc0db,vipra-b,2026-04-10,22:33:11,-07:00,2026-04-10T22:33:11-07:00,0,25
style.css,247,css,3fdfc0db,vipra-b,2026-04-10,22:33:11,-07:00,2026-04-10T22:33:11-07:00,0,9
style.css,248,css,3fdfc0db,vipra-b,2026-04-10,22:33:11,-07:00,2026-04-10T22:33:11-07:00,2,12
style.css,249,css,3fdfc0db,vipra-b,2026-04-10,22:33:11,-07:00,2026-04-10T22:33:11-07:00,2,58
style.css,250,css,3fdfc0db,vipra-b,2026-04-10,22:33:11,-07:00,2026-04-10T22:33:11-07:00,2,7
style.css,251,css,3fdfc0db,vipra-b,2026-04-10,22:33:11,-07:00,2026-04-10T22:33:11-07:00,0,0
style.css,252,css,3fdfc0db,vipra-b,2026-04-10,22:33:11,-07:00,2026-04-10T22:33:11-07:00,0,0
style.css,253,css,3fdfc0db,vipra-b,2026-04-10,22:33:11,-07:00,2026-04-10T22:33:11-07:00,0,17
style.css,254,css,3fdfc0db,vipra-b,2026-04-10,22:33:11,-07:00,2026-04-10T22:33:11-07:00,2,12
style.css,255,css,3fdfc0db,vipra-b,2026-04-10,22:33:11,-07:00,2026-04-10T22:33:11-07:00,2,26
style.css,256,css,3fdfc0db,vipra-b,2026-04-10,22:33:11,-07:00,2026-04-10T22:33:11-07:00,2,15
style.css,257,css,3fdfc0db,vipra-b,2026-04-10,22:33:11,-07:00,2026-04-10T22:33:11-07:00,0,0
style.css,258,css,3fdfc0db,vipra-b,2026-04-10,22:33:11,-07:00,2026-04-10T22:33:11-07:00,0,0
style.css,259,css,b581d175,vipra-b,2026-04-24,20:30:55,-07:00,2026-04-24T20:30:55-07:00,0,47
style.css,260,css,3fdfc0db,vipra-b,2026-04-10,22:33:11,-07:00,2026-04-10T22:33:11-07:00,2,8
style.css,261,css,3fdfc0db,vipra-b,2026-04-10,22:33:11,-07:00,2026-04-10T22:33:11-07:00,0,0
style.css,262,css,3fdfc0db,vipra-b,2026-04-10,22:33:11,-07:00,2026-04-10T22:33:11-07:00,0,0
style.css,263,css,3fdfc0db,vipra-b,2026-04-10,22:33:11,-07:00,2026-04-10T22:33:11-07:00,0,21
style.css,264,css,3fdfc0db,vipra-b,2026-04-10,22:33:11,-07:00,2026-04-10T22:33:11-07:00,2,10
style.css,265,css,3fdfc0db,vipra-b,2026-04-10,22:33:11,-07:00,2026-04-10T22:33:11-07:00,2,11
style.css,266,css,3fdfc0db,vipra-b,2026-04-10,22:33:11,-07:00,2026-04-10T22:33:11-07:00,0,0
style.css,267,css,3fdfc0db,vipra-b,2026-04-10,22:33:11,-07:00,2026-04-10T22:33:11-07:00,0,0
style.css,268,css,3fdfc0db,vipra-b,2026-04-10,22:33:11,-07:00,2026-04-10T22:33:11-07:00,0,23
style.css,269,css,3fdfc0db,vipra-b,2026-04-10,22:33:11,-07:00,2026-04-10T22:33:11-07:00,0,7
style.css,270,css,0e72425c,vipra-b,2026-04-10,22:52:57,-07:00,2026-04-10T22:52:57-07:00,2,17
style.css,271,css,3fdfc0db,vipra-b,2026-04-10,22:33:11,-07:00,2026-04-10T22:33:11-07:00,0,0
style.css,272,css,3fdfc0db,vipra-b,2026-04-10,22:33:11,-07:00,2026-04-10T22:33:11-07:00,0,0
style.css,273,css,3fdfc0db,vipra-b,2026-04-10,22:33:11,-07:00,2026-04-10T22:33:11-07:00,0,10
style.css,274,css,0e72425c,vipra-b,2026-04-10,22:52:57,-07:00,2026-04-10T22:52:57-07:00,2,43
style.css,275,css,3fdfc0db,vipra-b,2026-04-10,22:33:11,-07:00,2026-04-10T22:33:11-07:00,2,20
style.css,276,css,0e72425c,vipra-b,2026-04-10,22:52:57,-07:00,2026-04-10T22:52:57-07:00,2,24
style.css,277,css,0e72425c,vipra-b,2026-04-10,22:52:57,-07:00,2026-04-10T22:52:57-07:00,2,15
style.css,278,css,0e72425c,vipra-b,2026-04-10,22:52:57,-07:00,2026-04-10T22:52:57-07:00,2,21
style.css,279,css,0e72425c,vipra-b,2026-04-10,22:52:57,-07:00,2026-04-10T22:52:57-07:00,0,0
style.css,280,css,0e72425c,vipra-b,2026-04-10,22:52:57,-07:00,2026-04-10T22:52:57-07:00,0,0
style.css,281,css,0e72425c,vipra-b,2026-04-10,22:52:57,-07:00,2026-04-10T22:52:57-07:00,0,15
style.css,282,css,0e72425c,vipra-b,2026-04-10,22:52:57,-07:00,2026-04-10T22:52:57-07:00,2,39
style.css,283,css,0e72425c,vipra-b,2026-04-10,22:52:57,-07:00,2026-04-10T22:52:57-07:00,2,16
style.css,284,css,0e72425c,vipra-b,2026-04-10,22:52:57,-07:00,2026-04-10T22:52:57-07:00,2,19
style.css,285,css,0e72425c,vipra-b,2026-04-10,22:52:57,-07:00,2026-04-10T22:52:57-07:00,2,28
style.css,286,css,0e72425c,vipra-b,2026-04-10,22:52:57,-07:00,2026-04-10T22:52:57-07:00,0,0
style.css,287,css,0e72425c,vipra-b,2026-04-10,22:52:57,-07:00,2026-04-10T22:52:57-07:00,0,0
style.css,288,css,0e72425c,vipra-b,2026-04-10,22:52:57,-07:00,2026-04-10T22:52:57-07:00,0,21
style.css,289,css,0e72425c,vipra-b,2026-04-10,22:52:57,-07:00,2026-04-10T22:52:57-07:00,2,37
style.css,290,css,0e72425c,vipra-b,2026-04-10,22:52:57,-07:00,2026-04-10T22:52:57-07:00,0,0
style.css,291,css,0e72425c,vipra-b,2026-04-10,22:52:57,-07:00,2026-04-10T22:52:57-07:00,0,0
style.css,292,css,0e72425c,vipra-b,2026-04-10,22:52:57,-07:00,2026-04-10T22:52:57-07:00,0,14
style.css,293,css,0e72425c,vipra-b,2026-04-10,22:52:57,-07:00,2026-04-10T22:52:57-07:00,2,12
style.css,294,css,0e72425c,vipra-b,2026-04-10,22:52:57,-07:00,2026-04-10T22:52:57-07:00,2,14
style.css,295,css,0e72425c,vipra-b,2026-04-10,22:52:57,-07:00,2026-04-10T22:52:57-07:00,2,29
style.css,296,css,0e72425c,vipra-b,2026-04-10,22:52:57,-07:00,2026-04-10T22:52:57-07:00,2,20
style.css,297,css,3fdfc0db,vipra-b,2026-04-10,22:33:11,-07:00,2026-04-10T22:33:11-07:00,0,0
style.css,298,css,3fdfc0db,vipra-b,2026-04-10,22:33:11,-07:00,2026-04-10T22:33:11-07:00,0,0
style.css,299,css,3fdfc0db,vipra-b,2026-04-10,22:33:11,-07:00,2026-04-10T22:33:11-07:00,0,17
style.css,300,css,3fdfc0db,vipra-b,2026-04-10,22:33:11,-07:00,2026-04-10T22:33:11-07:00,2,15
style.css,301,css,0e72425c,vipra-b,2026-04-10,22:52:57,-07:00,2026-04-10T22:52:57-07:00,2,16
style.css,302,css,3fdfc0db,vipra-b,2026-04-10,22:33:11,-07:00,2026-04-10T22:33:11-07:00,0,0
style.css,303,css,3fdfc0db,vipra-b,2026-04-10,22:33:11,-07:00,2026-04-10T22:33:11-07:00,0,0
style.css,304,css,3fdfc0db,vipra-b,2026-04-10,22:33:11,-07:00,2026-04-10T22:33:11-07:00,0,16
style.css,305,css,0e72425c,vipra-b,2026-04-10,22:52:57,-07:00,2026-04-10T22:52:57-07:00,2,16
style.css,306,css,0e72425c,vipra-b,2026-04-10,22:52:57,-07:00,2026-04-10T22:52:57-07:00,2,15
style.css,307,css,0e72425c,vipra-b,2026-04-10,22:52:57,-07:00,2026-04-10T22:52:57-07:00,2,21
style.css,308,css,3fdfc0db,vipra-b,2026-04-10,22:33:11,-07:00,2026-04-10T22:33:11-07:00,2,17
style.css,309,css,0e72425c,vipra-b,2026-04-10,22:52:57,-07:00,2026-04-10T22:52:57-07:00,2,15
style.css,310,css,3fdfc0db,vipra-b,2026-04-10,22:33:11,-07:00,2026-04-10T22:33:11-07:00,0,0
style.css,311,css,3fdfc0db,vipra-b,2026-04-10,22:33:11,-07:00,2026-04-10T22:33:11-07:00,0,0
style.css,312,css,3fdfc0db,vipra-b,2026-04-10,22:33:11,-07:00,2026-04-10T22:33:11-07:00,0,10
style.css,313,css,0e72425c,vipra-b,2026-04-10,22:52:57,-07:00,2026-04-10T22:52:57-07:00,2,16
style.css,314,css,0e72425c,vipra-b,2026-04-10,22:52:57,-07:00,2026-04-10T22:52:57-07:00,2,18
style.css,315,css,0e72425c,vipra-b,2026-04-10,22:52:57,-07:00,2026-04-10T22:52:57-07:00,0,0
style.css,316,css,0e72425c,vipra-b,2026-04-10,22:52:57,-07:00,2026-04-10T22:52:57-07:00,0,0
style.css,317,css,0e72425c,vipra-b,2026-04-10,22:52:57,-07:00,2026-04-10T22:52:57-07:00,0,10
style.css,318,css,0e72425c,vipra-b,2026-04-10,22:52:57,-07:00,2026-04-10T22:52:57-07:00,2,19
style.css,319,css,0e72425c,vipra-b,2026-04-10,22:52:57,-07:00,2026-04-10T22:52:57-07:00,0,0
style.css,320,css,0e72425c,vipra-b,2026-04-10,22:52:57,-07:00,2026-04-10T22:52:57-07:00,0,0
style.css,321,css,0e72425c,vipra-b,2026-04-10,22:52:57,-07:00,2026-04-10T22:52:57-07:00,0,36
style.css,322,css,0e72425c,vipra-b,2026-04-10,22:52:57,-07:00,2026-04-10T22:52:57-07:00,0,36
style.css,323,css,0e72425c,vipra-b,2026-04-10,22:52:57,-07:00,2026-04-10T22:52:57-07:00,2,15
style.css,324,css,0e72425c,vipra-b,2026-04-10,22:52:57,-07:00,2026-04-10T22:52:57-07:00,2,14
style.css,325,css,0e72425c,vipra-b,2026-04-10,22:52:57,-07:00,2026-04-10T22:52:57-07:00,0,0
style.css,326,css,0e72425c,vipra-b,2026-04-10,22:52:57,-07:00,2026-04-10T22:52:57-07:00,0,0
style.css,327,css,0e72425c,vipra-b,2026-04-10,22:52:57,-07:00,2026-04-10T22:52:57-07:00,0,39
style.css,328,css,0e72425c,vipra-b,2026-04-10,22:52:57,-07:00,2026-04-10T22:52:57-07:00,2,19
style.css,329,css,0e72425c,vipra-b,2026-04-10,22:52:57,-07:00,2026-04-10T22:52:57-07:00,2,15
style.css,330,css,0e72425c,vipra-b,2026-04-10,22:52:57,-07:00,2026-04-10T22:52:57-07:00,0,0
style.css,331,css,0e72425c,vipra-b,2026-04-10,22:52:57,-07:00,2026-04-10T22:52:57-07:00,0,0
style.css,332,css,0e72425c,vipra-b,2026-04-10,22:52:57,-07:00,2026-04-10T22:52:57-07:00,0,46
style.css,333,css,0e72425c,vipra-b,2026-04-10,22:52:57,-07:00,2026-04-10T22:52:57-07:00,2,25
style.css,334,css,0e72425c,vipra-b,2026-04-10,22:52:57,-07:00,2026-04-10T22:52:57-07:00,0,0
style.css,335,css,0e72425c,vipra-b,2026-04-10,22:52:57,-07:00,2026-04-10T22:52:57-07:00,0,0
style.css,336,css,0e72425c,vipra-b,2026-04-10,22:52:57,-07:00,2026-04-10T22:52:57-07:00,0,36
style.css,337,css,0e72425c,vipra-b,2026-04-10,22:52:57,-07:00,2026-04-10T22:52:57-07:00,0,20
style.css,338,css,0e72425c,vipra-b,2026-04-10,22:52:57,-07:00,2026-04-10T22:52:57-07:00,2,15
style.css,339,css,0e72425c,vipra-b,2026-04-10,22:52:57,-07:00,2026-04-10T22:52:57-07:00,0,0
style.css,340,css,0e72425c,vipra-b,2026-04-10,22:52:57,-07:00,2026-04-10T22:52:57-07:00,0,0
style.css,341,css,0e72425c,vipra-b,2026-04-10,22:52:57,-07:00,2026-04-10T22:52:57-07:00,0,20
style.css,342,css,0e72425c,vipra-b,2026-04-10,22:52:57,-07:00,2026-04-10T22:52:57-07:00,2,25
style.css,343,css,0e72425c,vipra-b,2026-04-10,22:52:57,-07:00,2026-04-10T22:52:57-07:00,2,16
style.css,344,css,0e72425c,vipra-b,2026-04-10,22:52:57,-07:00,2026-04-10T22:52:57-07:00,0,0
style.css,345,css,0e72425c,vipra-b,2026-04-10,22:52:57,-07:00,2026-04-10T22:52:57-07:00,0,0
style.css,346,css,0e72425c,vipra-b,2026-04-10,22:52:57,-07:00,2026-04-10T22:52:57-07:00,0,26
style.css,347,css,0e72425c,vipra-b,2026-04-10,22:52:57,-07:00,2026-04-10T22:52:57-07:00,2,25
style.css,348,css,a2abfdcc,vipra-b,2026-04-03,21:19:12,-07:00,2026-04-03T21:19:12-07:00,0,0
style.css,349,css,00000000,Not Committed Yet,2026-05-09,20:35:21,-07:00,2026-05-09T20:35:21-07:00,0,0
style.css,350,css,00000000,Not Committed Yet,2026-05-09,20:35:21,-07:00,2026-05-09T20:35:21-07:00,0,36
style.css,351,css,00000000,Not Committed Yet,2026-05-09,20:35:21,-07:00,2026-05-09T20:35:21-07:00,0,6
style.css,352,css,00000000,Not Committed Yet,2026-05-09,20:35:21,-07:00,2026-05-09T20:35:21-07:00,2,12
style.css,353,css,00000000,Not Committed Yet,2026-05-09,20:35:21,-07:00,2026-05-09T20:35:21-07:00,2,30
style.css,354,css,00000000,Not Committed Yet,2026-05-09,20:35:21,-07:00,2026-05-09T20:35:21-07:00,2,14
style.css,355,css,00000000,Not Committed Yet,2026-05-09,20:35:21,-07:00,2026-05-09T20:35:21-07:00,2,19
style.css,356,css,00000000,Not Committed Yet,2026-05-09,20:35:21,-07:00,2026-05-09T20:35:21-07:00,2,9
style.css,357,css,00000000,Not Committed Yet,2026-05-09,20:35:21,-07:00,2026-05-09T20:35:21-07:00,2,15
style.css,358,css,00000000,Not Committed Yet,2026-05-09,20:35:21,-07:00,2026-05-09T20:35:21-07:00,0,0
style.css,359,css,00000000,Not Committed Yet,2026-05-09,20:35:21,-07:00,2026-05-09T20:35:21-07:00,0,0
style.css,360,css,00000000,Not Committed Yet,2026-05-09,20:35:21,-07:00,2026-05-09T20:35:21-07:00,0,9
style.css,361,css,00000000,Not Committed Yet,2026-05-09,20:35:21,-07:00,2026-05-09T20:35:21-07:00,2,8
style.css,362,css,00000000,Not Committed Yet,2026-05-09,20:35:21,-07:00,2026-05-09T20:35:21-07:00,2,15
style.css,363,css,00000000,Not Committed Yet,2026-05-09,20:35:21,-07:00,2026-05-09T20:35:21-07:00,2,16
style.css,364,css,00000000,Not Committed Yet,2026-05-09,20:35:21,-07:00,2026-05-09T20:35:21-07:00,2,66
style.css,365,css,00000000,Not Committed Yet,2026-05-09,20:35:21,-07:00,2026-05-09T20:35:21-07:00,0,0
style.css,366,css,00000000,Not Committed Yet,2026-05-09,20:35:21,-07:00,2026-05-09T20:35:21-07:00,0,0
style.css,367,css,00000000,Not Committed Yet,2026-05-09,20:35:21,-07:00,2026-05-09T20:35:21-07:00,0,9
style.css,368,css,00000000,Not Committed Yet,2026-05-09,20:35:21,-07:00,2026-05-09T20:35:21-07:00,2,8
style.css,369,css,00000000,Not Committed Yet,2026-05-09,20:35:21,-07:00,2026-05-09T20:35:21-07:00,2,33
style.css,370,css,00000000,Not Committed Yet,2026-05-09,20:35:21,-07:00,2026-05-09T20:35:21-07:00,0,0
style.css,371,css,00000000,Not Committed Yet,2026-05-09,20:35:21,-07:00,2026-05-09T20:35:21-07:00,0,0
style.css,372,css,00000000,Not Committed Yet,2026-05-09,20:35:21,-07:00,2026-05-09T20:35:21-07:00,0,25
style.css,373,css,00000000,Not Committed Yet,2026-05-09,20:35:21,-07:00,2026-05-09T20:35:21-07:00,2,14
style.css,374,css,00000000,Not Committed Yet,2026-05-09,20:35:21,-07:00,2026-05-09T20:35:21-07:00,0,0
style.css,375,css,00000000,Not Committed Yet,2026-05-09,20:35:21,-07:00,2026-05-09T20:35:21-07:00,0,0
style.css,376,css,00000000,Not Committed Yet,2026-05-09,20:35:21,-07:00,2026-05-09T20:35:21-07:00,0,7
style.css,377,css,00000000,Not Committed Yet,2026-05-09,20:35:21,-07:00,2026-05-09T20:35:21-07:00,2,12
style.css,378,css,00000000,Not Committed Yet,2026-05-09,20:35:21,-07:00,2026-05-09T20:35:21-07:00,2,30
style.css,379,css,00000000,Not Committed Yet,2026-05-09,20:35:21,-07:00,2026-05-09T20:35:21-07:00,2,13
style.css,380,css,00000000,Not Committed Yet,2026-05-09,20:35:21,-07:00,2026-05-09T20:35:21-07:00,2,8
style.css,381,css,00000000,Not Committed Yet,2026-05-09,20:35:21,-07:00,2026-05-09T20:35:21-07:00,2,21
style.css,382,css,00000000,Not Committed Yet,2026-05-09,20:35:21,-07:00,2026-05-09T20:35:21-07:00,2,25
style.css,383,css,00000000,Not Committed Yet,2026-05-09,20:35:21,-07:00,2026-05-09T20:35:21-07:00,2,39
style.css,384,css,00000000,Not Committed Yet,2026-05-09,20:35:21,-07:00,2026-05-09T20:35:21-07:00,0,0
style.css,385,css,00000000,Not Committed Yet,2026-05-09,20:35:21,-07:00,2026-05-09T20:35:21-07:00,0,0
style.css,386,css,00000000,Not Committed Yet,2026-05-09,20:35:21,-07:00,2026-05-09T20:35:21-07:00,0,10
style.css,387,css,00000000,Not Committed Yet,2026-05-09,20:35:21,-07:00,2026-05-09T20:35:21-07:00,2,8
style.css,388,css,00000000,Not Committed Yet,2026-05-09,20:35:21,-07:00,2026-05-09T20:35:21-07:00,2,15
style.css,389,css,00000000,Not Committed Yet,2026-05-09,20:35:21,-07:00,2026-05-09T20:35:21-07:00,2,16
style.css,390,css,00000000,Not Committed Yet,2026-05-09,20:35:21,-07:00,2026-05-09T20:35:21-07:00,2,66
style.css,391,css,00000000,Not Committed Yet,2026-05-09,20:35:21,-07:00,2026-05-09T20:35:21-07:00,0,0
style.css,392,css,00000000,Not Committed Yet,2026-05-09,20:35:21,-07:00,2026-05-09T20:35:21-07:00,0,0
style.css,393,css,00000000,Not Committed Yet,2026-05-09,20:35:21,-07:00,2026-05-09T20:35:21-07:00,0,10
style.css,394,css,00000000,Not Committed Yet,2026-05-09,20:35:21,-07:00,2026-05-09T20:35:21-07:00,2,8
style.css,395,css,00000000,Not Committed Yet,2026-05-09,20:35:21,-07:00,2026-05-09T20:35:21-07:00,0,0
style.css,396,css,00000000,Not Committed Yet,2026-05-09,20:35:21,-07:00,2026-05-09T20:35:21-07:00,0,0
style.css,397,css,00000000,Not Committed Yet,2026-05-09,20:35:21,-07:00,2026-05-09T20:35:21-07:00,0,42
style.css,398,css,00000000,Not Committed Yet,2026-05-09,20:35:21,-07:00,2026-05-09T20:35:21-07:00,2,9
style.css,399,css,00000000,Not Committed Yet,2026-05-09,20:35:21,-07:00,2026-05-09T20:35:21-07:00,2,17
style.css,400,css,00000000,Not Committed Yet,2026-05-09,20:35:21,-07:00,2026-05-09T20:35:21-07:00,0,0
style.css,401,css,00000000,Not Committed Yet,2026-05-09,20:35:21,-07:00,2026-05-09T20:35:21-07:00,0,0
style.css,402,css,00000000,Not Committed Yet,2026-05-09,20:35:21,-07:00,2026-05-09T20:35:21-07:00,0,8
style.css,403,css,00000000,Not Committed Yet,2026-05-09,20:35:21,-07:00,2026-05-09T20:35:21-07:00,2,14
style.css,404,css,00000000,Not Committed Yet,2026-05-09,20:35:21,-07:00,2026-05-09T20:35:21-07:00,2,7
style.css,405,css,00000000,Not Committed Yet,2026-05-09,20:35:21,-07:00,2026-05-09T20:35:21-07:00,2,8
style.css,406,css,00000000,Not Committed Yet,2026-05-09,20:35:21,-07:00,2026-05-09T20:35:21-07:00,2,11
style.css,407,css,00000000,Not Committed Yet,2026-05-09,20:35:21,-07:00,2026-05-09T20:35:21-07:00,2,19
style.css,408,css,00000000,Not Committed Yet,2026-05-09,20:35:21,-07:00,2026-05-09T20:35:21-07:00,2,40
style.css,409,css,00000000,Not Committed Yet,2026-05-09,20:35:21,-07:00,2026-05-09T20:35:21-07:00,2,63
style.css,410,css,00000000,Not Committed Yet,2026-05-09,20:35:21,-07:00,2026-05-09T20:35:21-07:00,2,41
style.css,411,css,00000000,Not Committed Yet,2026-05-09,20:35:21,-07:00,2026-05-09T20:35:21-07:00,2,20
style.css,412,css,00000000,Not Committed Yet,2026-05-09,20:35:21,-07:00,2026-05-09T20:35:21-07:00,2,43
style.css,413,css,00000000,Not Committed Yet,2026-05-09,20:35:21,-07:00,2026-05-09T20:35:21-07:00,2,25
style.css,414,css,00000000,Not Committed Yet,2026-05-09,20:35:21,-07:00,2026-05-09T20:35:21-07:00,0,0
style.css,415,css,00000000,Not Committed Yet,2026-05-09,20:35:21,-07:00,2026-05-09T20:35:21-07:00,0,0
style.css,416,css,00000000,Not Committed Yet,2026-05-09,20:35:21,-07:00,2026-05-09T20:35:21-07:00,0,10
style.css,417,css,00000000,Not Committed Yet,2026-05-09,20:35:21,-07:00,2026-05-09T20:35:21-07:00,2,13
style.css,418,css,00000000,Not Committed Yet,2026-05-09,20:35:21,-07:00,2026-05-09T20:35:21-07:00,2,10
style.css,419,css,00000000,Not Committed Yet,2026-05-09,20:35:21,-07:00,2026-05-09T20:35:21-07:00,2,14
style.css,420,css,00000000,Not Committed Yet,2026-05-09,20:35:21,-07:00,2026-05-09T20:35:21-07:00,2,11
style.css,421,css,00000000,Not Committed Yet,2026-05-09,20:35:21,-07:00,2026-05-09T20:35:21-07:00,0,0
style.css,422,css,00000000,Not Committed Yet,2026-05-09,20:35:21,-07:00,2026-05-09T20:35:21-07:00,0,0
style.css,423,css,00000000,Not Committed Yet,2026-05-09,20:35:21,-07:00,2026-05-09T20:35:21-07:00,0,22
style.css,424,css,00000000,Not Committed Yet,2026-05-09,20:35:21,-07:00,2026-05-09T20:35:21-07:00,2,31
style.css,425,css,00000000,Not Committed Yet,2026-05-09,20:35:21,-07:00,2026-05-09T20:35:21-07:00,0,0
style.css,426,css,00000000,Not Committed Yet,2026-05-09,20:35:21,-07:00,2026-05-09T20:35:21-07:00,0,0
style.css,427,css,00000000,Not Committed Yet,2026-05-09,20:35:21,-07:00,2026-05-09T20:35:21-07:00,0,13
style.css,428,css,00000000,Not Committed Yet,2026-05-09,20:35:21,-07:00,2026-05-09T20:35:21-07:00,2,16
style.css,429,css,00000000,Not Committed Yet,2026-05-09,20:35:21,-07:00,2026-05-09T20:35:21-07:00,2,23
style.css,430,css,00000000,Not Committed Yet,2026-05-09,20:35:21,-07:00,2026-05-09T20:35:21-07:00,2,22
style.css,431,css,00000000,Not Committed Yet,2026-05-09,20:35:21,-07:00,2026-05-09T20:35:21-07:00,2,14
style.css,432,css,00000000,Not Committed Yet,2026-05-09,20:35:21,-07:00,2026-05-09T20:35:21-07:00,0,0
style.css,433,css,00000000,Not Committed Yet,2026-05-09,20:35:21,-07:00,2026-05-09T20:35:21-07:00,0,0
style.css,434,css,00000000,Not Committed Yet,2026-05-09,20:35:21,-07:00,2026-05-09T20:35:21-07:00,0,19
style.css,435,css,00000000,Not Committed Yet,2026-05-09,20:35:21,-07:00,2026-05-09T20:35:21-07:00,2,20
style.css,436,css,00000000,Not Committed Yet,2026-05-09,20:35:21,-07:00,2026-05-09T20:35:21-07:00,0,0
style.css,437,css,00000000,Not Committed Yet,2026-05-09,20:35:21,-07:00,2026-05-09T20:35:21-07:00,0,0
style.css,438,css,00000000,Not Committed Yet,2026-05-09,20:35:21,-07:00,2026-05-09T20:35:21-07:00,0,22
style.css,439,css,00000000,Not Committed Yet,2026-05-09,20:35:21,-07:00,2026-05-09T20:35:21-07:00,2,12
style.css,440,css,00000000,Not Committed Yet,2026-05-09,20:35:21,-07:00,2026-05-09T20:35:21-07:00,0,0
style.css,441,css,00000000,Not Committed Yet,2026-05-09,20:35:21,-07:00,2026-05-09T20:35:21-07:00,0,0
style.css,442,css,00000000,Not Committed Yet,2026-05-09,20:35:21,-07:00,2026-05-09T20:35:21-07:00,0,24
style.css,443,css,00000000,Not Committed Yet,2026-05-09,20:35:21,-07:00,2026-05-09T20:35:21-07:00,2,2
style.css,444,css,00000000,Not Committed Yet,2026-05-09,20:35:21,-07:00,2026-05-09T20:35:21-07:00,4,20
style.css,445,css,00000000,Not Committed Yet,2026-05-09,20:35:21,-07:00,2026-05-09T20:35:21-07:00,2,0
style.css,446,css,00000000,Not Committed Yet,2026-05-09,20:35:21,-07:00,2026-05-09T20:35:21-07:00,0,0
style.css,447,css,00000000,Not Committed Yet,2026-05-09,20:35:21,-07:00,2026-05-09T20:35:21-07:00,0,0
style.css,448,css,00000000,Not Committed Yet,2026-05-09,20:35:21,-07:00,2026-05-09T20:35:21-07:00,0,10
style.css,449,css,00000000,Not Committed Yet,2026-05-09,20:35:21,-07:00,2026-05-09T20:35:21-07:00,2,16
style.css,450,css,00000000,Not Committed Yet,2026-05-09,20:35:21,-07:00,2026-05-09T20:35:21-07:00,2,12
style.css,451,css,00000000,Not Committed Yet,2026-05-09,20:35:21,-07:00,2026-05-09T20:35:21-07:00,2,18
style.css,452,css,00000000,Not Committed Yet,2026-05-09,20:35:21,-07:00,2026-05-09T20:35:21-07:00,2,20
style.css,453,css,00000000,Not Committed Yet,2026-05-09,20:35:21,-07:00,2026-05-09T20:35:21-07:00,2,42
style.css,454,css,00000000,Not Committed Yet,2026-05-09,20:35:21,-07:00,2026-05-09T20:35:21-07:00,0,0
index.js,1,js,14eb8b07,vipra-b,2026-04-24,20:51:31,-07:00,2026-04-24T20:51:31-07:00,0,71
index.js,2,js,b581d175,vipra-b,2026-04-24,20:30:55,-07:00,2026-04-24T20:30:55-07:00,0,0
index.js,3,js,b581d175,vipra-b,2026-04-24,20:30:55,-07:00,2026-04-24T20:30:55-07:00,0,54
index.js,4,js,b581d175,vipra-b,2026-04-24,20:30:55,-07:00,2026-04-24T20:30:55-07:00,0,42
index.js,5,js,b581d175,vipra-b,2026-04-24,20:30:55,-07:00,2026-04-24T20:30:55-07:00,0,0
index.js,6,js,b581d175,vipra-b,2026-04-24,20:30:55,-07:00,2026-04-24T20:30:55-07:00,0,60
index.js,7,js,b581d175,vipra-b,2026-04-24,20:30:55,-07:00,2026-04-24T20:30:55-07:00,0,0
index.js,8,js,b581d175,vipra-b,2026-04-24,20:30:55,-07:00,2026-04-24T20:30:55-07:00,0,54
index.js,9,js,b581d175,vipra-b,2026-04-24,20:30:55,-07:00,2026-04-24T20:30:55-07:00,0,0
index.js,10,js,ab6b34fe,vipra-b,2026-04-24,20:59:02,-07:00,2026-04-24T20:59:02-07:00,0,50
index.js,11,js,b581d175,vipra-b,2026-04-24,20:30:55,-07:00,2026-04-24T20:30:55-07:00,0,49
index.js,12,js,b581d175,vipra-b,2026-04-24,20:30:55,-07:00,2026-04-24T20:30:55-07:00,1,39
index.js,13,js,b581d175,vipra-b,2026-04-24,20:30:55,-07:00,2026-04-24T20:30:55-07:00,0,0
index.js,14,js,b581d175,vipra-b,2026-04-24,20:30:55,-07:00,2026-04-24T20:30:55-07:00,0,0
index.js,15,js,b581d175,vipra-b,2026-04-24,20:30:55,-07:00,2026-04-24T20:30:55-07:00,0,38
index.js,16,js,b581d175,vipra-b,2026-04-24,20:30:55,-07:00,2026-04-24T20:30:55-07:00,1,31
index.js,17,js,b581d175,vipra-b,2026-04-24,20:30:55,-07:00,2026-04-24T20:30:55-07:00,2,2
index.js,18,js,b581d175,vipra-b,2026-04-24,20:30:55,-07:00,2026-04-24T20:30:55-07:00,3,19
index.js,19,js,b581d175,vipra-b,2026-04-24,20:30:55,-07:00,2026-04-24T20:30:55-07:00,3,19
index.js,20,js,b581d175,vipra-b,2026-04-24,20:30:55,-07:00,2026-04-24T20:30:55-07:00,3,16
index.js,21,js,b581d175,vipra-b,2026-04-24,20:30:55,-07:00,2026-04-24T20:30:55-07:00,3,16
index.js,22,js,b581d175,vipra-b,2026-04-24,20:30:55,-07:00,2026-04-24T20:30:55-07:00,3,33
index.js,23,js,b581d175,vipra-b,2026-04-24,20:30:55,-07:00,2026-04-24T20:30:55-07:00,3,33
index.js,24,js,b581d175,vipra-b,2026-04-24,20:30:55,-07:00,2026-04-24T20:30:55-07:00,3,30
index.js,25,js,b581d175,vipra-b,2026-04-24,20:30:55,-07:00,2026-04-24T20:30:55-07:00,3,30
index.js,26,js,b581d175,vipra-b,2026-04-24,20:30:55,-07:00,2026-04-24T20:30:55-07:00,2,3
index.js,27,js,b581d175,vipra-b,2026-04-24,20:30:55,-07:00,2026-04-24T20:30:55-07:00,1,0
index.js,28,js,b581d175,vipra-b,2026-04-24,20:30:55,-07:00,2026-04-24T20:30:55-07:00,0,0
index.html,1,html,00f1fdc1,vipra-b,2026-04-03,15:31:41,-07:00,2026-04-03T15:31:41-07:00,0,13
index.html,2,html,00f1fdc1,vipra-b,2026-04-03,15:31:41,-07:00,2026-04-03T15:31:41-07:00,0,14
index.html,3,html,00f1fdc1,vipra-b,2026-04-03,15:31:41,-07:00,2026-04-03T15:31:41-07:00,0,4
index.html,4,html,00f1fdc1,vipra-b,2026-04-03,15:31:41,-07:00,2026-04-03T15:31:41-07:00,2,20
index.html,5,html,00f1fdc1,vipra-b,2026-04-03,15:31:41,-07:00,2026-04-03T15:31:41-07:00,2,68
index.html,6,html,a2abfdcc,vipra-b,2026-04-03,21:19:12,-07:00,2026-04-03T21:19:12-07:00,2,54
index.html,7,html,a2abfdcc,vipra-b,2026-04-03,21:19:12,-07:00,2026-04-03T21:19:12-07:00,2,38
index.html,8,html,00f1fdc1,vipra-b,2026-04-03,15:31:41,-07:00,2026-04-03T15:31:41-07:00,0,5
index.html,9,html,00f1fdc1,vipra-b,2026-04-03,15:31:41,-07:00,2026-04-03T15:31:41-07:00,0,4
index.html,10,html,00f1fdc1,vipra-b,2026-04-03,15:31:41,-07:00,2026-04-03T15:31:41-07:00,2,19
index.html,11,html,a2abfdcc,vipra-b,2026-04-03,21:19:12,-07:00,2026-04-03T21:19:12-07:00,2,142
index.html,12,html,a2abfdcc,vipra-b,2026-04-03,21:19:12,-07:00,2026-04-03T21:19:12-07:00,2,224
index.html,13,html,14eb8b07,vipra-b,2026-04-24,20:51:31,-07:00,2026-04-24T20:51:31-07:00,2,22
index.html,14,html,14eb8b07,vipra-b,2026-04-24,20:51:31,-07:00,2026-04-24T20:51:31-07:00,2,20
index.html,15,html,14eb8b07,vipra-b,2026-04-24,20:51:31,-07:00,2026-04-24T20:51:31-07:00,4,49
index.html,16,html,b581d175,vipra-b,2026-04-24,20:30:55,-07:00,2026-04-24T20:30:55-07:00,2,4
index.html,17,html,ab6b34fe,vipra-b,2026-04-24,20:59:02,-07:00,2026-04-24T20:59:02-07:00,2,44
index.html,18,html,ab6b34fe,vipra-b,2026-04-24,20:59:02,-07:00,2026-04-24T20:59:02-07:00,4,40
index.html,19,html,ab6b34fe,vipra-b,2026-04-24,20:59:02,-07:00,2026-04-24T20:59:02-07:00,2,4
index.html,20,html,14eb8b07,vipra-b,2026-04-24,20:51:31,-07:00,2026-04-24T20:51:31-07:00,2,50
index.html,21,html,00f1fdc1,vipra-b,2026-04-03,15:31:41,-07:00,2026-04-03T15:31:41-07:00,0,5
index.html,22,html,a2abfdcc,vipra-b,2026-04-03,21:19:12,-07:00,2026-04-03T21:19:12-07:00,0,5
global.js,1,js,f538ab7d,vipra-b,2026-04-18,23:48:33,-07:00,2026-04-18T23:48:33-07:00,0,25
global.js,2,js,f538ab7d,vipra-b,2026-04-18,23:48:33,-07:00,2026-04-18T23:48:33-07:00,0,0
global.js,3,js,f538ab7d,vipra-b,2026-04-18,23:48:33,-07:00,2026-04-18T23:48:33-07:00,0,41
global.js,4,js,f538ab7d,vipra-b,2026-04-18,23:48:33,-07:00,2026-04-18T23:48:33-07:00,1,52
global.js,5,js,f538ab7d,vipra-b,2026-04-18,23:48:33,-07:00,2026-04-18T23:48:33-07:00,0,0
global.js,6,js,f538ab7d,vipra-b,2026-04-18,23:48:33,-07:00,2026-04-18T23:48:33-07:00,0,0
global.js,7,js,f538ab7d,vipra-b,2026-04-18,23:48:33,-07:00,2026-04-18T23:48:33-07:00,0,24
global.js,8,js,f538ab7d,vipra-b,2026-04-18,23:48:33,-07:00,2026-04-18T23:48:33-07:00,0,101
global.js,9,js,f538ab7d,vipra-b,2026-04-18,23:48:33,-07:00,2026-04-18T23:48:33-07:00,0,38
global.js,10,js,f538ab7d,vipra-b,2026-04-18,23:48:33,-07:00,2026-04-18T23:48:33-07:00,0,0
global.js,11,js,f538ab7d,vipra-b,2026-04-18,23:48:33,-07:00,2026-04-18T23:48:33-07:00,0,19
global.js,12,js,f538ab7d,vipra-b,2026-04-18,23:48:33,-07:00,2026-04-18T23:48:33-07:00,0,40
global.js,13,js,f538ab7d,vipra-b,2026-04-18,23:48:33,-07:00,2026-04-18T23:48:33-07:00,0,2
global.js,14,js,f538ab7d,vipra-b,2026-04-18,23:48:33,-07:00,2026-04-18T23:48:33-07:00,0,39
global.js,15,js,f538ab7d,vipra-b,2026-04-18,23:48:33,-07:00,2026-04-18T23:48:33-07:00,0,0
global.js,16,js,f538ab7d,vipra-b,2026-04-18,23:48:33,-07:00,2026-04-18T23:48:33-07:00,0,11
global.js,17,js,f538ab7d,vipra-b,2026-04-18,23:48:33,-07:00,2026-04-18T23:48:33-07:00,1,25
global.js,18,js,f538ab7d,vipra-b,2026-04-18,23:48:33,-07:00,2026-04-18T23:48:33-07:00,1,38
global.js,19,js,00000000,Not Committed Yet,2026-05-09,20:35:21,-07:00,2026-05-09T20:35:21-07:00,1,30
global.js,20,js,f538ab7d,vipra-b,2026-04-18,23:48:33,-07:00,2026-04-18T23:48:33-07:00,1,36
global.js,21,js,f538ab7d,vipra-b,2026-04-18,23:48:33,-07:00,2026-04-18T23:48:33-07:00,1,34
global.js,22,js,f538ab7d,vipra-b,2026-04-18,23:48:33,-07:00,2026-04-18T23:48:33-07:00,1,53
global.js,23,js,f538ab7d,vipra-b,2026-04-18,23:48:33,-07:00,2026-04-18T23:48:33-07:00,0,0
global.js,24,js,f538ab7d,vipra-b,2026-04-18,23:48:33,-07:00,2026-04-18T23:48:33-07:00,0,0
global.js,25,js,f538ab7d,vipra-b,2026-04-18,23:48:33,-07:00,2026-04-18T23:48:33-07:00,0,38
global.js,26,js,f538ab7d,vipra-b,2026-04-18,23:48:33,-07:00,2026-04-18T23:48:33-07:00,0,25
global.js,27,js,f538ab7d,vipra-b,2026-04-18,23:48:33,-07:00,2026-04-18T23:48:33-07:00,0,0
global.js,28,js,f538ab7d,vipra-b,2026-04-18,23:48:33,-07:00,2026-04-18T23:48:33-07:00,0,88
global.js,29,js,f538ab7d,vipra-b,2026-04-18,23:48:33,-07:00,2026-04-18T23:48:33-07:00,1,3
global.js,30,js,0e0b0c16,vipra-b,2026-04-18,23:52:59,-07:00,2026-04-18T23:52:59-07:00,1,14
global.js,31,js,f538ab7d,vipra-b,2026-04-18,23:48:33,-07:00,2026-04-18T23:48:33-07:00,0,0
global.js,32,js,f538ab7d,vipra-b,2026-04-18,23:48:33,-07:00,2026-04-18T23:48:33-07:00,0,20
global.js,33,js,f538ab7d,vipra-b,2026-04-18,23:48:33,-07:00,2026-04-18T23:48:33-07:00,1,14
global.js,34,js,f538ab7d,vipra-b,2026-04-18,23:48:33,-07:00,2026-04-18T23:48:33-07:00,1,18
global.js,35,js,f538ab7d,vipra-b,2026-04-18,23:48:33,-07:00,2026-04-18T23:48:33-07:00,0,0
global.js,36,js,f538ab7d,vipra-b,2026-04-18,23:48:33,-07:00,2026-04-18T23:48:33-07:00,1,52
global.js,37,js,f538ab7d,vipra-b,2026-04-18,23:48:33,-07:00,2026-04-18T23:48:33-07:00,0,0
global.js,38,js,f538ab7d,vipra-b,2026-04-18,23:48:33,-07:00,2026-04-18T23:48:33-07:00,1,34
global.js,39,js,f538ab7d,vipra-b,2026-04-18,23:48:33,-07:00,2026-04-18T23:48:33-07:00,1,11
global.js,40,js,f538ab7d,vipra-b,2026-04-18,23:48:33,-07:00,2026-04-18T23:48:33-07:00,1,20
global.js,41,js,f538ab7d,vipra-b,2026-04-18,23:48:33,-07:00,2026-04-18T23:48:33-07:00,1,17
global.js,42,js,f538ab7d,vipra-b,2026-04-18,23:48:33,-07:00,2026-04-18T23:48:33-07:00,2,8
global.js,43,js,f538ab7d,vipra-b,2026-04-18,23:48:33,-07:00,2026-04-18T23:48:33-07:00,2,59
global.js,44,js,f538ab7d,vipra-b,2026-04-18,23:48:33,-07:00,2026-04-18T23:48:33-07:00,1,0
global.js,45,js,f538ab7d,vipra-b,2026-04-18,23:48:33,-07:00,2026-04-18T23:48:33-07:00,1,29
global.js,46,js,f538ab7d,vipra-b,2026-04-18,23:48:33,-07:00,2026-04-18T23:48:33-07:00,2,18
global.js,47,js,f538ab7d,vipra-b,2026-04-18,23:48:33,-07:00,2026-04-18T23:48:33-07:00,1,0
global.js,48,js,f538ab7d,vipra-b,2026-04-18,23:48:33,-07:00,2026-04-18T23:48:33-07:00,1,12
global.js,49,js,f538ab7d,vipra-b,2026-04-18,23:48:33,-07:00,2026-04-18T23:48:33-07:00,0,0
global.js,50,js,f538ab7d,vipra-b,2026-04-18,23:48:33,-07:00,2026-04-18T23:48:33-07:00,0,0
global.js,51,js,f538ab7d,vipra-b,2026-04-18,23:48:33,-07:00,2026-04-18T23:48:33-07:00,0,31
global.js,52,js,f538ab7d,vipra-b,2026-04-18,23:48:33,-07:00,2026-04-18T23:48:33-07:00,1,11
global.js,53,js,f538ab7d,vipra-b,2026-04-18,23:48:33,-07:00,2026-04-18T23:48:33-07:00,1,27
global.js,54,js,f538ab7d,vipra-b,2026-04-18,23:48:33,-07:00,2026-04-18T23:48:33-07:00,2,4
global.js,55,js,f538ab7d,vipra-b,2026-04-18,23:48:33,-07:00,2026-04-18T23:48:33-07:00,2,6
global.js,56,js,f538ab7d,vipra-b,2026-04-18,23:48:33,-07:00,2026-04-18T23:48:33-07:00,3,43
global.js,57,js,f538ab7d,vipra-b,2026-04-18,23:48:33,-07:00,2026-04-18T23:48:33-07:00,3,34
global.js,58,js,f538ab7d,vipra-b,2026-04-18,23:48:33,-07:00,2026-04-18T23:48:33-07:00,3,32
global.js,59,js,f538ab7d,vipra-b,2026-04-18,23:48:33,-07:00,2026-04-18T23:48:33-07:00,2,7
global.js,60,js,f538ab7d,vipra-b,2026-04-18,23:48:33,-07:00,2026-04-18T23:48:33-07:00,1,8
global.js,61,js,f538ab7d,vipra-b,2026-04-18,23:48:33,-07:00,2026-04-18T23:48:33-07:00,0,0
global.js,62,js,f538ab7d,vipra-b,2026-04-18,23:48:33,-07:00,2026-04-18T23:48:33-07:00,0,0
global.js,63,js,f538ab7d,vipra-b,2026-04-18,23:48:33,-07:00,2026-04-18T23:48:33-07:00,0,58
global.js,64,js,f538ab7d,vipra-b,2026-04-18,23:48:33,-07:00,2026-04-18T23:48:33-07:00,0,0
global.js,65,js,f538ab7d,vipra-b,2026-04-18,23:48:33,-07:00,2026-04-18T23:48:33-07:00,0,36
global.js,66,js,f538ab7d,vipra-b,2026-04-18,23:48:33,-07:00,2026-04-18T23:48:33-07:00,1,70
global.js,67,js,f538ab7d,vipra-b,2026-04-18,23:48:33,-07:00,2026-04-18T23:48:33-07:00,1,25
global.js,68,js,f538ab7d,vipra-b,2026-04-18,23:48:33,-07:00,2026-04-18T23:48:33-07:00,0,0
global.js,69,js,f538ab7d,vipra-b,2026-04-18,23:48:33,-07:00,2026-04-18T23:48:33-07:00,0,0
global.js,70,js,f538ab7d,vipra-b,2026-04-18,23:48:33,-07:00,2026-04-18T23:48:33-07:00,0,34
global.js,71,js,f538ab7d,vipra-b,2026-04-18,23:48:33,-07:00,2026-04-18T23:48:33-07:00,1,39
global.js,72,js,f538ab7d,vipra-b,2026-04-18,23:48:33,-07:00,2026-04-18T23:48:33-07:00,0,0
global.js,73,js,f538ab7d,vipra-b,2026-04-18,23:48:33,-07:00,2026-04-18T23:48:33-07:00,0,0
global.js,74,js,f538ab7d,vipra-b,2026-04-18,23:48:33,-07:00,2026-04-18T23:48:33-07:00,0,49
global.js,75,js,f538ab7d,vipra-b,2026-04-18,23:48:33,-07:00,2026-04-18T23:48:33-07:00,1,33
global.js,76,js,f538ab7d,vipra-b,2026-04-18,23:48:33,-07:00,2026-04-18T23:48:33-07:00,1,44
global.js,77,js,f538ab7d,vipra-b,2026-04-18,23:48:33,-07:00,2026-04-18T23:48:33-07:00,0,1
global.js,78,js,f538ab7d,vipra-b,2026-04-18,23:48:33,-07:00,2026-04-18T23:48:33-07:00,0,0
global.js,79,js,f538ab7d,vipra-b,2026-04-18,23:48:33,-07:00,2026-04-18T23:48:33-07:00,0,40
global.js,80,js,f538ab7d,vipra-b,2026-04-18,23:48:33,-07:00,2026-04-18T23:48:33-07:00,0,49
global.js,81,js,f538ab7d,vipra-b,2026-04-18,23:48:33,-07:00,2026-04-18T23:48:33-07:00,1,21
global.js,82,js,f538ab7d,vipra-b,2026-04-18,23:48:33,-07:00,2026-04-18T23:48:33-07:00,1,28
global.js,83,js,f538ab7d,vipra-b,2026-04-18,23:48:33,-07:00,2026-04-18T23:48:33-07:00,1,26
global.js,84,js,f538ab7d,vipra-b,2026-04-18,23:48:33,-07:00,2026-04-18T23:48:33-07:00,1,31
global.js,85,js,f538ab7d,vipra-b,2026-04-18,23:48:33,-07:00,2026-04-18T23:48:33-07:00,2,50
global.js,86,js,f538ab7d,vipra-b,2026-04-18,23:48:33,-07:00,2026-04-18T23:48:33-07:00,1,0
global.js,87,js,f538ab7d,vipra-b,2026-04-18,23:48:33,-07:00,2026-04-18T23:48:33-07:00,1,21
global.js,88,js,f538ab7d,vipra-b,2026-04-18,23:48:33,-07:00,2026-04-18T23:48:33-07:00,1,18
global.js,89,js,80d46294,vipra-b,2026-04-23,18:19:42,-07:00,2026-04-23T18:19:42-07:00,0,1
global.js,90,js,80d46294,vipra-b,2026-04-23,18:19:42,-07:00,2026-04-23T18:19:42-07:00,0,0
global.js,91,js,80d46294,vipra-b,2026-04-23,18:19:42,-07:00,2026-04-23T18:19:42-07:00,0,36
global.js,92,js,80d46294,vipra-b,2026-04-23,18:19:42,-07:00,2026-04-23T18:19:42-07:00,1,3
global.js,93,js,80d46294,vipra-b,2026-04-23,18:19:42,-07:00,2026-04-23T18:19:42-07:00,2,39
global.js,94,js,80d46294,vipra-b,2026-04-23,18:19:42,-07:00,2026-04-23T18:19:42-07:00,2,32
global.js,95,js,14eb8b07,vipra-b,2026-04-24,20:51:31,-07:00,2026-04-24T20:51:31-07:00,2,20
global.js,96,js,b8a91f73,vipra-b,2026-04-23,18:37:38,-07:00,2026-04-23T18:37:38-07:00,2,17
global.js,97,js,b8a91f73,vipra-b,2026-04-23,18:37:38,-07:00,2026-04-23T18:37:38-07:00,3,66
global.js,98,js,b8a91f73,vipra-b,2026-04-23,18:37:38,-07:00,2026-04-23T18:37:38-07:00,2,0
global.js,99,js,b8a91f73,vipra-b,2026-04-23,18:37:38,-07:00,2026-04-23T18:37:38-07:00,2,33
global.js,100,js,b8a91f73,vipra-b,2026-04-23,18:37:38,-07:00,2026-04-23T18:37:38-07:00,2,10
global.js,101,js,b8a91f73,vipra-b,2026-04-23,18:37:38,-07:00,2026-04-23T18:37:38-07:00,2,0
global.js,102,js,80d46294,vipra-b,2026-04-23,18:19:42,-07:00,2026-04-23T18:19:42-07:00,1,15
global.js,103,js,80d46294,vipra-b,2026-04-23,18:19:42,-07:00,2026-04-23T18:19:42-07:00,2,59
global.js,104,js,80d46294,vipra-b,2026-04-23,18:19:42,-07:00,2026-04-23T18:19:42-07:00,1,0
global.js,105,js,80d46294,vipra-b,2026-04-23,18:19:42,-07:00,2026-04-23T18:19:42-07:00,0,0
global.js,106,js,b581d175,vipra-b,2026-04-24,20:30:55,-07:00,2026-04-24T20:30:55-07:00,0,0
global.js,107,js,b581d175,vipra-b,2026-04-24,20:30:55,-07:00,2026-04-24T20:30:55-07:00,0,78
global.js,108,js,b581d175,vipra-b,2026-04-24,20:30:55,-07:00,2026-04-24T20:30:55-07:00,1,49
global.js,109,js,b581d175,vipra-b,2026-04-24,20:30:55,-07:00,2026-04-24T20:30:55-07:00,2,5
global.js,110,js,b581d175,vipra-b,2026-04-24,20:30:55,-07:00,2026-04-24T20:30:55-07:00,1,0
global.js,111,js,b581d175,vipra-b,2026-04-24,20:30:55,-07:00,2026-04-24T20:30:55-07:00,1,30
global.js,112,js,b581d175,vipra-b,2026-04-24,20:30:55,-07:00,2026-04-24T20:30:55-07:00,1,27
global.js,113,js,b581d175,vipra-b,2026-04-24,20:30:55,-07:00,2026-04-24T20:30:55-07:00,2,48
global.js,114,js,b581d175,vipra-b,2026-04-24,20:30:55,-07:00,2026-04-24T20:30:55-07:00,2,51
global.js,115,js,b581d175,vipra-b,2026-04-24,20:30:55,-07:00,2026-04-24T20:30:55-07:00,2,31
global.js,116,js,b581d175,vipra-b,2026-04-24,20:30:55,-07:00,2026-04-24T20:30:55-07:00,2,40
global.js,117,js,b581d175,vipra-b,2026-04-24,20:30:55,-07:00,2026-04-24T20:30:55-07:00,2,24
global.js,118,js,b581d175,vipra-b,2026-04-24,20:30:55,-07:00,2026-04-24T20:30:55-07:00,2,7
global.js,119,js,b581d175,vipra-b,2026-04-24,20:30:55,-07:00,2026-04-24T20:30:55-07:00,3,50
global.js,120,js,b581d175,vipra-b,2026-04-24,20:30:55,-07:00,2026-04-24T20:30:55-07:00,4,6
global.js,121,js,b581d175,vipra-b,2026-04-24,20:30:55,-07:00,2026-04-24T20:30:55-07:00,4,51
global.js,122,js,b581d175,vipra-b,2026-04-24,20:30:55,-07:00,2026-04-24T20:30:55-07:00,2,19
global.js,123,js,8cbf0be9,vipra-b,2026-05-01,23:38:49,-07:00,2026-05-01T23:38:49-07:00,2,45
global.js,124,js,8cbf0be9,vipra-b,2026-05-01,23:38:49,-07:00,2026-05-01T23:38:49-07:00,2,34
global.js,125,js,b581d175,vipra-b,2026-04-24,20:30:55,-07:00,2026-04-24T20:30:55-07:00,2,36
global.js,126,js,b581d175,vipra-b,2026-04-24,20:30:55,-07:00,2026-04-24T20:30:55-07:00,2,31
global.js,127,js,8cbf0be9,vipra-b,2026-05-01,23:38:49,-07:00,2026-05-01T23:38:49-07:00,2,41
global.js,128,js,8cbf0be9,vipra-b,2026-05-01,23:38:49,-07:00,2026-05-01T23:38:49-07:00,2,32
global.js,129,js,8cbf0be9,vipra-b,2026-05-01,23:38:49,-07:00,2026-05-01T23:38:49-07:00,2,29
global.js,130,js,8cbf0be9,vipra-b,2026-05-01,23:38:49,-07:00,2026-05-01T23:38:49-07:00,2,25
global.js,131,js,8cbf0be9,vipra-b,2026-05-01,23:38:49,-07:00,2026-05-01T23:38:49-07:00,2,37
global.js,132,js,b581d175,vipra-b,2026-04-24,20:30:55,-07:00,2026-04-24T20:30:55-07:00,2,36
global.js,133,js,b581d175,vipra-b,2026-04-24,20:30:55,-07:00,2026-04-24T20:30:55-07:00,1,0
global.js,134,js,b581d175,vipra-b,2026-04-24,20:30:55,-07:00,2026-04-24T20:30:55-07:00,0,0
global.js,135,js,b581d175,vipra-b,2026-04-24,20:30:55,-07:00,2026-04-24T20:30:55-07:00,0,0
global.js,136,js,b581d175,vipra-b,2026-04-24,20:30:55,-07:00,2026-04-24T20:30:55-07:00,0,47
global.js,137,js,b581d175,vipra-b,2026-04-24,20:30:55,-07:00,2026-04-24T20:30:55-07:00,1,79
global.js,138,js,b581d175,vipra-b,2026-04-24,20:30:55,-07:00,2026-04-24T20:30:55-07:00,0,0
global.js,139,js,14eb8b07,vipra-b,2026-04-24,20:51:31,-07:00,2026-04-24T20:51:31-07:00,0,44
resume/index.html,1,html,a2abfdcc,vipra-b,2026-04-03,21:19:12,-07:00,2026-04-03T21:19:12-07:00,0,13
resume/index.html,2,html,a2abfdcc,vipra-b,2026-04-03,21:19:12,-07:00,2026-04-03T21:19:12-07:00,0,14
resume/index.html,3,html,a2abfdcc,vipra-b,2026-04-03,21:19:12,-07:00,2026-04-03T21:19:12-07:00,0,4
resume/index.html,4,html,a2abfdcc,vipra-b,2026-04-03,21:19:12,-07:00,2026-04-03T21:19:12-07:00,2,20
resume/index.html,5,html,a2abfdcc,vipra-b,2026-04-03,21:19:12,-07:00,2026-04-03T21:19:12-07:00,2,68
resume/index.html,6,html,a2abfdcc,vipra-b,2026-04-03,21:19:12,-07:00,2026-04-03T21:19:12-07:00,2,34
resume/index.html,7,html,a2abfdcc,vipra-b,2026-04-03,21:19:12,-07:00,2026-04-03T21:19:12-07:00,2,41
resume/index.html,8,html,a2abfdcc,vipra-b,2026-04-03,21:19:12,-07:00,2026-04-03T21:19:12-07:00,0,5
resume/index.html,9,html,a2abfdcc,vipra-b,2026-04-03,21:19:12,-07:00,2026-04-03T21:19:12-07:00,0,4
resume/index.html,10,html,a2abfdcc,vipra-b,2026-04-03,21:19:12,-07:00,2026-04-03T21:19:12-07:00,2,13
resume/index.html,11,html,a2abfdcc,vipra-b,2026-04-03,21:19:12,-07:00,2026-04-03T21:19:12-07:00,0,0
resume/index.html,12,html,a2abfdcc,vipra-b,2026-04-03,21:19:12,-07:00,2026-04-03T21:19:12-07:00,2,7
resume/index.html,13,html,a2abfdcc,vipra-b,2026-04-03,21:19:12,-07:00,2026-04-03T21:19:12-07:00,4,16
resume/index.html,14,html,a2abfdcc,vipra-b,2026-04-03,21:19:12,-07:00,2026-04-03T21:19:12-07:00,0,0
resume/index.html,15,html,a2abfdcc,vipra-b,2026-04-03,21:19:12,-07:00,2026-04-03T21:19:12-07:00,4,7
resume/index.html,16,html,a2abfdcc,vipra-b,2026-04-03,21:19:12,-07:00,2026-04-03T21:19:12-07:00,6,6
resume/index.html,17,html,a2abfdcc,vipra-b,2026-04-03,21:19:12,-07:00,2026-04-03T21:19:12-07:00,8,49
resume/index.html,18,html,a2abfdcc,vipra-b,2026-04-03,21:19:12,-07:00,2026-04-03T21:19:12-07:00,8,1
resume/index.html,19,html,a2abfdcc,vipra-b,2026-04-03,21:19:12,-07:00,2026-04-03T21:19:12-07:00,10,34
resume/index.html,20,html,a2abfdcc,vipra-b,2026-04-03,21:19:12,-07:00,2026-04-03T21:19:12-07:00,10,48
resume/index.html,21,html,a2abfdcc,vipra-b,2026-04-03,21:19:12,-07:00,2026-04-03T21:19:12-07:00,8,2
resume/index.html,22,html,a2abfdcc,vipra-b,2026-04-03,21:19:12,-07:00,2026-04-03T21:19:12-07:00,6,7
resume/index.html,23,html,a2abfdcc,vipra-b,2026-04-03,21:19:12,-07:00,2026-04-03T21:19:12-07:00,6,2
resume/index.html,24,html,a2abfdcc,vipra-b,2026-04-03,21:19:12,-07:00,2026-04-03T21:19:12-07:00,8,148
resume/index.html,25,html,a2abfdcc,vipra-b,2026-04-03,21:19:12,-07:00,2026-04-03T21:19:12-07:00,6,3
resume/index.html,26,html,a2abfdcc,vipra-b,2026-04-03,21:19:12,-07:00,2026-04-03T21:19:12-07:00,4,8
resume/index.html,27,html,a2abfdcc,vipra-b,2026-04-03,21:19:12,-07:00,2026-04-03T21:19:12-07:00,2,8
resume/index.html,28,html,a2abfdcc,vipra-b,2026-04-03,21:19:12,-07:00,2026-04-03T21:19:12-07:00,0,0
resume/index.html,29,html,a2abfdcc,vipra-b,2026-04-03,21:19:12,-07:00,2026-04-03T21:19:12-07:00,2,7
resume/index.html,30,html,a2abfdcc,vipra-b,2026-04-03,21:19:12,-07:00,2026-04-03T21:19:12-07:00,4,30
resume/index.html,31,html,a2abfdcc,vipra-b,2026-04-03,21:19:12,-07:00,2026-04-03T21:19:12-07:00,0,0
resume/index.html,32,html,a2abfdcc,vipra-b,2026-04-03,21:19:12,-07:00,2026-04-03T21:19:12-07:00,4,7
resume/index.html,33,html,a2abfdcc,vipra-b,2026-04-03,21:19:12,-07:00,2026-04-03T21:19:12-07:00,6,6
resume/index.html,34,html,a2abfdcc,vipra-b,2026-04-03,21:19:12,-07:00,2026-04-03T21:19:12-07:00,8,59
resume/index.html,35,html,a2abfdcc,vipra-b,2026-04-03,21:19:12,-07:00,2026-04-03T21:19:12-07:00,8,1
resume/index.html,36,html,a2abfdcc,vipra-b,2026-04-03,21:19:12,-07:00,2026-04-03T21:19:12-07:00,10,55
resume/index.html,37,html,a2abfdcc,vipra-b,2026-04-03,21:19:12,-07:00,2026-04-03T21:19:12-07:00,10,15
resume/index.html,38,html,a2abfdcc,vipra-b,2026-04-03,21:19:12,-07:00,2026-04-03T21:19:12-07:00,8,2
resume/index.html,39,html,a2abfdcc,vipra-b,2026-04-03,21:19:12,-07:00,2026-04-03T21:19:12-07:00,6,7
resume/index.html,40,html,a2abfdcc,vipra-b,2026-04-03,21:19:12,-07:00,2026-04-03T21:19:12-07:00,6,2
resume/index.html,41,html,a2abfdcc,vipra-b,2026-04-03,21:19:12,-07:00,2026-04-03T21:19:12-07:00,8,151
resume/index.html,42,html,a2abfdcc,vipra-b,2026-04-03,21:19:12,-07:00,2026-04-03T21:19:12-07:00,8,146
resume/index.html,43,html,a2abfdcc,vipra-b,2026-04-03,21:19:12,-07:00,2026-04-03T21:19:12-07:00,8,119
resume/index.html,44,html,a2abfdcc,vipra-b,2026-04-03,21:19:12,-07:00,2026-04-03T21:19:12-07:00,6,3
resume/index.html,45,html,a2abfdcc,vipra-b,2026-04-03,21:19:12,-07:00,2026-04-03T21:19:12-07:00,4,8
resume/index.html,46,html,a2abfdcc,vipra-b,2026-04-03,21:19:12,-07:00,2026-04-03T21:19:12-07:00,0,0
resume/index.html,47,html,a2abfdcc,vipra-b,2026-04-03,21:19:12,-07:00,2026-04-03T21:19:12-07:00,4,7
resume/index.html,48,html,a2abfdcc,vipra-b,2026-04-03,21:19:12,-07:00,2026-04-03T21:19:12-07:00,6,6
resume/index.html,49,html,a2abfdcc,vipra-b,2026-04-03,21:19:12,-07:00,2026-04-03T21:19:12-07:00,8,55
resume/index.html,50,html,a2abfdcc,vipra-b,2026-04-03,21:19:12,-07:00,2026-04-03T21:19:12-07:00,8,1
resume/index.html,51,html,a2abfdcc,vipra-b,2026-04-03,21:19:12,-07:00,2026-04-03T21:19:12-07:00,10,60
resume/index.html,52,html,a2abfdcc,vipra-b,2026-04-03,21:19:12,-07:00,2026-04-03T21:19:12-07:00,10,12
resume/index.html,53,html,a2abfdcc,vipra-b,2026-04-03,21:19:12,-07:00,2026-04-03T21:19:12-07:00,8,2
resume/index.html,54,html,a2abfdcc,vipra-b,2026-04-03,21:19:12,-07:00,2026-04-03T21:19:12-07:00,6,7
resume/index.html,55,html,a2abfdcc,vipra-b,2026-04-03,21:19:12,-07:00,2026-04-03T21:19:12-07:00,6,2
resume/index.html,56,html,a2abfdcc,vipra-b,2026-04-03,21:19:12,-07:00,2026-04-03T21:19:12-07:00,8,102
resume/index.html,57,html,a2abfdcc,vipra-b,2026-04-03,21:19:12,-07:00,2026-04-03T21:19:12-07:00,8,151
resume/index.html,58,html,a2abfdcc,vipra-b,2026-04-03,21:19:12,-07:00,2026-04-03T21:19:12-07:00,8,159
resume/index.html,59,html,a2abfdcc,vipra-b,2026-04-03,21:19:12,-07:00,2026-04-03T21:19:12-07:00,6,3
resume/index.html,60,html,a2abfdcc,vipra-b,2026-04-03,21:19:12,-07:00,2026-04-03T21:19:12-07:00,4,8
resume/index.html,61,html,a2abfdcc,vipra-b,2026-04-03,21:19:12,-07:00,2026-04-03T21:19:12-07:00,0,0
resume/index.html,62,html,a2abfdcc,vipra-b,2026-04-03,21:19:12,-07:00,2026-04-03T21:19:12-07:00,4,7
resume/index.html,63,html,a2abfdcc,vipra-b,2026-04-03,21:19:12,-07:00,2026-04-03T21:19:12-07:00,6,6
resume/index.html,64,html,a2abfdcc,vipra-b,2026-04-03,21:19:12,-07:00,2026-04-03T21:19:12-07:00,8,49
resume/index.html,65,html,a2abfdcc,vipra-b,2026-04-03,21:19:12,-07:00,2026-04-03T21:19:12-07:00,8,1
resume/index.html,66,html,a2abfdcc,vipra-b,2026-04-03,21:19:12,-07:00,2026-04-03T21:19:12-07:00,10,47
resume/index.html,67,html,a2abfdcc,vipra-b,2026-04-03,21:19:12,-07:00,2026-04-03T21:19:12-07:00,10,44
resume/index.html,68,html,a2abfdcc,vipra-b,2026-04-03,21:19:12,-07:00,2026-04-03T21:19:12-07:00,10,6
resume/index.html,69,html,a2abfdcc,vipra-b,2026-04-03,21:19:12,-07:00,2026-04-03T21:19:12-07:00,8,2
resume/index.html,70,html,a2abfdcc,vipra-b,2026-04-03,21:19:12,-07:00,2026-04-03T21:19:12-07:00,6,7
resume/index.html,71,html,a2abfdcc,vipra-b,2026-04-03,21:19:12,-07:00,2026-04-03T21:19:12-07:00,6,2
resume/index.html,72,html,a2abfdcc,vipra-b,2026-04-03,21:19:12,-07:00,2026-04-03T21:19:12-07:00,8,139
resume/index.html,73,html,a2abfdcc,vipra-b,2026-04-03,21:19:12,-07:00,2026-04-03T21:19:12-07:00,8,154
resume/index.html,74,html,a2abfdcc,vipra-b,2026-04-03,21:19:12,-07:00,2026-04-03T21:19:12-07:00,8,121
resume/index.html,75,html,a2abfdcc,vipra-b,2026-04-03,21:19:12,-07:00,2026-04-03T21:19:12-07:00,6,3
resume/index.html,76,html,a2abfdcc,vipra-b,2026-04-03,21:19:12,-07:00,2026-04-03T21:19:12-07:00,4,8
resume/index.html,77,html,a2abfdcc,vipra-b,2026-04-03,21:19:12,-07:00,2026-04-03T21:19:12-07:00,2,8
resume/index.html,78,html,a2abfdcc,vipra-b,2026-04-03,21:19:12,-07:00,2026-04-03T21:19:12-07:00,0,0
resume/index.html,79,html,a2abfdcc,vipra-b,2026-04-03,21:19:12,-07:00,2026-04-03T21:19:12-07:00,2,7
resume/index.html,80,html,a2abfdcc,vipra-b,2026-04-03,21:19:12,-07:00,2026-04-03T21:19:12-07:00,4,15
resume/index.html,81,html,a2abfdcc,vipra-b,2026-04-03,21:19:12,-07:00,2026-04-03T21:19:12-07:00,0,0
resume/index.html,82,html,a2abfdcc,vipra-b,2026-04-03,21:19:12,-07:00,2026-04-03T21:19:12-07:00,4,7
resume/index.html,83,html,a2abfdcc,vipra-b,2026-04-03,21:19:12,-07:00,2026-04-03T21:19:12-07:00,6,6
resume/index.html,84,html,a2abfdcc,vipra-b,2026-04-03,21:19:12,-07:00,2026-04-03T21:19:12-07:00,8,73
resume/index.html,85,html,a2abfdcc,vipra-b,2026-04-03,21:19:12,-07:00,2026-04-03T21:19:12-07:00,8,1
resume/index.html,86,html,a2abfdcc,vipra-b,2026-04-03,21:19:12,-07:00,2026-04-03T21:19:12-07:00,10,58
resume/index.html,87,html,a2abfdcc,vipra-b,2026-04-03,21:19:12,-07:00,2026-04-03T21:19:12-07:00,10,13
resume/index.html,88,html,a2abfdcc,vipra-b,2026-04-03,21:19:12,-07:00,2026-04-03T21:19:12-07:00,8,2
resume/index.html,89,html,a2abfdcc,vipra-b,2026-04-03,21:19:12,-07:00,2026-04-03T21:19:12-07:00,6,7
resume/index.html,90,html,a2abfdcc,vipra-b,2026-04-03,21:19:12,-07:00,2026-04-03T21:19:12-07:00,6,2
resume/index.html,91,html,a2abfdcc,vipra-b,2026-04-03,21:19:12,-07:00,2026-04-03T21:19:12-07:00,8,121
resume/index.html,92,html,a2abfdcc,vipra-b,2026-04-03,21:19:12,-07:00,2026-04-03T21:19:12-07:00,8,146
resume/index.html,93,html,a2abfdcc,vipra-b,2026-04-03,21:19:12,-07:00,2026-04-03T21:19:12-07:00,8,71
resume/index.html,94,html,a2abfdcc,vipra-b,2026-04-03,21:19:12,-07:00,2026-04-03T21:19:12-07:00,6,3
resume/index.html,95,html,a2abfdcc,vipra-b,2026-04-03,21:19:12,-07:00,2026-04-03T21:19:12-07:00,4,8
resume/index.html,96,html,a2abfdcc,vipra-b,2026-04-03,21:19:12,-07:00,2026-04-03T21:19:12-07:00,0,0
resume/index.html,97,html,a2abfdcc,vipra-b,2026-04-03,21:19:12,-07:00,2026-04-03T21:19:12-07:00,4,7
resume/index.html,98,html,a2abfdcc,vipra-b,2026-04-03,21:19:12,-07:00,2026-04-03T21:19:12-07:00,6,6
resume/index.html,99,html,a2abfdcc,vipra-b,2026-04-03,21:19:12,-07:00,2026-04-03T21:19:12-07:00,8,56
resume/index.html,100,html,a2abfdcc,vipra-b,2026-04-03,21:19:12,-07:00,2026-04-03T21:19:12-07:00,8,1
resume/index.html,101,html,a2abfdcc,vipra-b,2026-04-03,21:19:12,-07:00,2026-04-03T21:19:12-07:00,10,52
resume/index.html,102,html,a2abfdcc,vipra-b,2026-04-03,21:19:12,-07:00,2026-04-03T21:19:12-07:00,10,43
resume/index.html,103,html,a2abfdcc,vipra-b,2026-04-03,21:19:12,-07:00,2026-04-03T21:19:12-07:00,10,13
resume/index.html,104,html,a2abfdcc,vipra-b,2026-04-03,21:19:12,-07:00,2026-04-03T21:19:12-07:00,8,2
resume/index.html,105,html,a2abfdcc,vipra-b,2026-04-03,21:19:12,-07:00,2026-04-03T21:19:12-07:00,6,7
resume/index.html,106,html,a2abfdcc,vipra-b,2026-04-03,21:19:12,-07:00,2026-04-03T21:19:12-07:00,6,2
resume/index.html,107,html,a2abfdcc,vipra-b,2026-04-03,21:19:12,-07:00,2026-04-03T21:19:12-07:00,8,147
resume/index.html,108,html,a2abfdcc,vipra-b,2026-04-03,21:19:12,-07:00,2026-04-03T21:19:12-07:00,8,132
resume/index.html,109,html,a2abfdcc,vipra-b,2026-04-03,21:19:12,-07:00,2026-04-03T21:19:12-07:00,8,126
resume/index.html,110,html,a2abfdcc,vipra-b,2026-04-03,21:19:12,-07:00,2026-04-03T21:19:12-07:00,6,3
resume/index.html,111,html,a2abfdcc,vipra-b,2026-04-03,21:19:12,-07:00,2026-04-03T21:19:12-07:00,4,8
resume/index.html,112,html,a2abfdcc,vipra-b,2026-04-03,21:19:12,-07:00,2026-04-03T21:19:12-07:00,2,8
resume/index.html,113,html,a2abfdcc,vipra-b,2026-04-03,21:19:12,-07:00,2026-04-03T21:19:12-07:00,0,0
resume/index.html,114,html,a2abfdcc,vipra-b,2026-04-03,21:19:12,-07:00,2026-04-03T21:19:12-07:00,2,7
resume/index.html,115,html,a2abfdcc,vipra-b,2026-04-03,21:19:12,-07:00,2026-04-03T21:19:12-07:00,4,17
resume/index.html,116,html,a2abfdcc,vipra-b,2026-04-03,21:19:12,-07:00,2026-04-03T21:19:12-07:00,0,0
resume/index.html,117,html,a2abfdcc,vipra-b,2026-04-03,21:19:12,-07:00,2026-04-03T21:19:12-07:00,4,7
resume/index.html,118,html,a2abfdcc,vipra-b,2026-04-03,21:19:12,-07:00,2026-04-03T21:19:12-07:00,6,6
resume/index.html,119,html,a2abfdcc,vipra-b,2026-04-03,21:19:12,-07:00,2026-04-03T21:19:12-07:00,8,34
resume/index.html,120,html,a2abfdcc,vipra-b,2026-04-03,21:19:12,-07:00,2026-04-03T21:19:12-07:00,8,1
resume/index.html,121,html,a2abfdcc,vipra-b,2026-04-03,21:19:12,-07:00,2026-04-03T21:19:12-07:00,10,46
resume/index.html,122,html,a2abfdcc,vipra-b,2026-04-03,21:19:12,-07:00,2026-04-03T21:19:12-07:00,10,39
resume/index.html,123,html,a2abfdcc,vipra-b,2026-04-03,21:19:12,-07:00,2026-04-03T21:19:12-07:00,10,12
resume/index.html,124,html,a2abfdcc,vipra-b,2026-04-03,21:19:12,-07:00,2026-04-03T21:19:12-07:00,8,2
resume/index.html,125,html,a2abfdcc,vipra-b,2026-04-03,21:19:12,-07:00,2026-04-03T21:19:12-07:00,6,7
resume/index.html,126,html,a2abfdcc,vipra-b,2026-04-03,21:19:12,-07:00,2026-04-03T21:19:12-07:00,6,2
resume/index.html,127,html,a2abfdcc,vipra-b,2026-04-03,21:19:12,-07:00,2026-04-03T21:19:12-07:00,8,156
resume/index.html,128,html,a2abfdcc,vipra-b,2026-04-03,21:19:12,-07:00,2026-04-03T21:19:12-07:00,8,158
resume/index.html,129,html,a2abfdcc,vipra-b,2026-04-03,21:19:12,-07:00,2026-04-03T21:19:12-07:00,8,107
resume/index.html,130,html,a2abfdcc,vipra-b,2026-04-03,21:19:12,-07:00,2026-04-03T21:19:12-07:00,6,3
resume/index.html,131,html,a2abfdcc,vipra-b,2026-04-03,21:19:12,-07:00,2026-04-03T21:19:12-07:00,4,8
resume/index.html,132,html,a2abfdcc,vipra-b,2026-04-03,21:19:12,-07:00,2026-04-03T21:19:12-07:00,2,8
resume/index.html,133,html,a2abfdcc,vipra-b,2026-04-03,21:19:12,-07:00,2026-04-03T21:19:12-07:00,0,0
resume/index.html,134,html,a2abfdcc,vipra-b,2026-04-03,21:19:12,-07:00,2026-04-03T21:19:12-07:00,2,7
resume/index.html,135,html,a2abfdcc,vipra-b,2026-04-03,21:19:12,-07:00,2026-04-03T21:19:12-07:00,4,13
resume/index.html,136,html,a2abfdcc,vipra-b,2026-04-03,21:19:12,-07:00,2026-04-03T21:19:12-07:00,4,2
resume/index.html,137,html,a2abfdcc,vipra-b,2026-04-03,21:19:12,-07:00,2026-04-03T21:19:12-07:00,6,82
resume/index.html,138,html,a2abfdcc,vipra-b,2026-04-03,21:19:12,-07:00,2026-04-03T21:19:12-07:00,6,124
resume/index.html,139,html,a2abfdcc,vipra-b,2026-04-03,21:19:12,-07:00,2026-04-03T21:19:12-07:00,6,175
resume/index.html,140,html,a2abfdcc,vipra-b,2026-04-03,21:19:12,-07:00,2026-04-03T21:19:12-07:00,4,3
resume/index.html,141,html,a2abfdcc,vipra-b,2026-04-03,21:19:12,-07:00,2026-04-03T21:19:12-07:00,2,8
resume/index.html,142,html,a2abfdcc,vipra-b,2026-04-03,21:19:12,-07:00,2026-04-03T21:19:12-07:00,0,0
resume/index.html,143,html,a2abfdcc,vipra-b,2026-04-03,21:19:12,-07:00,2026-04-03T21:19:12-07:00,2,7
resume/index.html,144,html,a2abfdcc,vipra-b,2026-04-03,21:19:12,-07:00,2026-04-03T21:19:12-07:00,4,14
resume/index.html,145,html,3fdfc0db,vipra-b,2026-04-10,22:33:11,-07:00,2026-04-10T22:33:11-07:00,4,154
resume/index.html,146,html,a2abfdcc,vipra-b,2026-04-03,21:19:12,-07:00,2026-04-03T21:19:12-07:00,2,8
resume/index.html,147,html,b581d175,vipra-b,2026-04-24,20:30:55,-07:00,2026-04-24T20:30:55-07:00,0,48
resume/index.html,148,html,a2abfdcc,vipra-b,2026-04-03,21:19:12,-07:00,2026-04-03T21:19:12-07:00,0,5
resume/index.html,149,html,a2abfdcc,vipra-b,2026-04-03,21:19:12,-07:00,2026-04-03T21:19:12-07:00,0,5
projects/projects.js,1,js,8cbf0be9,vipra-b,2026-05-01,23:38:49,-07:00,2026-05-01T23:38:49-07:00,0,63
projects/projects.js,2,js,b581d175,vipra-b,2026-04-24,20:30:55,-07:00,2026-04-24T20:30:55-07:00,0,55
projects/projects.js,3,js,b581d175,vipra-b,2026-04-24,20:30:55,-07:00,2026-04-24T20:30:55-07:00,0,0
projects/projects.js,4,js,b581d175,vipra-b,2026-04-24,20:30:55,-07:00,2026-04-24T20:30:55-07:00,0,55
projects/projects.js,5,js,8cbf0be9,vipra-b,2026-05-01,23:38:49,-07:00,2026-05-01T23:38:49-07:00,0,51
projects/projects.js,6,js,8cbf0be9,vipra-b,2026-05-01,23:38:49,-07:00,2026-05-01T23:38:49-07:00,0,0
projects/projects.js,7,js,8cbf0be9,vipra-b,2026-05-01,23:38:49,-07:00,2026-05-01T23:38:49-07:00,0,83
projects/projects.js,8,js,8cbf0be9,vipra-b,2026-05-01,23:38:49,-07:00,2026-05-01T23:38:49-07:00,0,77
projects/projects.js,9,js,8cbf0be9,vipra-b,2026-05-01,23:38:49,-07:00,2026-05-01T23:38:49-07:00,0,71
projects/projects.js,10,js,8cbf0be9,vipra-b,2026-05-01,23:38:49,-07:00,2026-05-01T23:38:49-07:00,0,0
projects/projects.js,11,js,b581d175,vipra-b,2026-04-24,20:30:55,-07:00,2026-04-24T20:30:55-07:00,0,60
projects/projects.js,12,js,b581d175,vipra-b,2026-04-24,20:30:55,-07:00,2026-04-24T20:30:55-07:00,0,62
projects/projects.js,13,js,8cbf0be9,vipra-b,2026-05-01,23:38:49,-07:00,2026-05-01T23:38:49-07:00,0,55
projects/projects.js,14,js,8cbf0be9,vipra-b,2026-05-01,23:38:49,-07:00,2026-05-01T23:38:49-07:00,0,0
projects/projects.js,15,js,8cbf0be9,vipra-b,2026-05-01,23:38:49,-07:00,2026-05-01T23:38:49-07:00,0,13
projects/projects.js,16,js,8cbf0be9,vipra-b,2026-05-01,23:38:49,-07:00,2026-05-01T23:38:49-07:00,0,77
projects/projects.js,17,js,8cbf0be9,vipra-b,2026-05-01,23:38:49,-07:00,2026-05-01T23:38:49-07:00,0,22
projects/projects.js,18,js,8cbf0be9,vipra-b,2026-05-01,23:38:49,-07:00,2026-05-01T23:38:49-07:00,0,0
projects/projects.js,19,js,8cbf0be9,vipra-b,2026-05-01,23:38:49,-07:00,2026-05-01T23:38:49-07:00,0,40
projects/projects.js,20,js,8cbf0be9,vipra-b,2026-05-01,23:38:49,-07:00,2026-05-01T23:38:49-07:00,1,25
projects/projects.js,21,js,8cbf0be9,vipra-b,2026-05-01,23:38:49,-07:00,2026-05-01T23:38:49-07:00,1,61
projects/projects.js,22,js,8cbf0be9,vipra-b,2026-05-01,23:38:49,-07:00,2026-05-01T23:38:49-07:00,1,45
projects/projects.js,23,js,8cbf0be9,vipra-b,2026-05-01,23:38:49,-07:00,2026-05-01T23:38:49-07:00,0,0
projects/projects.js,24,js,8cbf0be9,vipra-b,2026-05-01,23:38:49,-07:00,2026-05-01T23:38:49-07:00,0,0
projects/projects.js,25,js,8cbf0be9,vipra-b,2026-05-01,23:38:49,-07:00,2026-05-01T23:38:49-07:00,0,33
projects/projects.js,26,js,8cbf0be9,vipra-b,2026-05-01,23:38:49,-07:00,2026-05-01T23:38:49-07:00,1,55
projects/projects.js,27,js,8cbf0be9,vipra-b,2026-05-01,23:38:49,-07:00,2026-05-01T23:38:49-07:00,0,0
projects/projects.js,28,js,8cbf0be9,vipra-b,2026-05-01,23:38:49,-07:00,2026-05-01T23:38:49-07:00,0,0
projects/projects.js,29,js,8cbf0be9,vipra-b,2026-05-01,23:38:49,-07:00,2026-05-01T23:38:49-07:00,0,68
projects/projects.js,30,js,8cbf0be9,vipra-b,2026-05-01,23:38:49,-07:00,2026-05-01T23:38:49-07:00,0,29
projects/projects.js,31,js,8cbf0be9,vipra-b,2026-05-01,23:38:49,-07:00,2026-05-01T23:38:49-07:00,1,32
projects/projects.js,32,js,8cbf0be9,vipra-b,2026-05-01,23:38:49,-07:00,2026-05-01T23:38:49-07:00,1,65
projects/projects.js,33,js,8cbf0be9,vipra-b,2026-05-01,23:38:49,-07:00,2026-05-01T23:38:49-07:00,1,48
projects/projects.js,34,js,8cbf0be9,vipra-b,2026-05-01,23:38:49,-07:00,2026-05-01T23:38:49-07:00,0,0
projects/projects.js,35,js,8cbf0be9,vipra-b,2026-05-01,23:38:49,-07:00,2026-05-01T23:38:49-07:00,0,0
projects/projects.js,36,js,8cbf0be9,vipra-b,2026-05-01,23:38:49,-07:00,2026-05-01T23:38:49-07:00,0,28
projects/projects.js,37,js,8cbf0be9,vipra-b,2026-05-01,23:38:49,-07:00,2026-05-01T23:38:49-07:00,1,36
projects/projects.js,38,js,8cbf0be9,vipra-b,2026-05-01,23:38:49,-07:00,2026-05-01T23:38:49-07:00,1,37
projects/projects.js,39,js,8cbf0be9,vipra-b,2026-05-01,23:38:49,-07:00,2026-05-01T23:38:49-07:00,1,49
projects/projects.js,40,js,8cbf0be9,vipra-b,2026-05-01,23:38:49,-07:00,2026-05-01T23:38:49-07:00,0,0
projects/projects.js,41,js,8cbf0be9,vipra-b,2026-05-01,23:38:49,-07:00,2026-05-01T23:38:49-07:00,0,0
projects/projects.js,42,js,8cbf0be9,vipra-b,2026-05-01,23:38:49,-07:00,2026-05-01T23:38:49-07:00,0,27
projects/projects.js,43,js,8cbf0be9,vipra-b,2026-05-01,23:38:49,-07:00,2026-05-01T23:38:49-07:00,1,18
projects/projects.js,44,js,8cbf0be9,vipra-b,2026-05-01,23:38:49,-07:00,2026-05-01T23:38:49-07:00,2,70
projects/projects.js,45,js,8cbf0be9,vipra-b,2026-05-01,23:38:49,-07:00,2026-05-01T23:38:49-07:00,1,0
projects/projects.js,46,js,8cbf0be9,vipra-b,2026-05-01,23:38:49,-07:00,2026-05-01T23:38:49-07:00,0,0
projects/projects.js,47,js,8cbf0be9,vipra-b,2026-05-01,23:38:49,-07:00,2026-05-01T23:38:49-07:00,0,0
projects/projects.js,48,js,8cbf0be9,vipra-b,2026-05-01,23:38:49,-07:00,2026-05-01T23:38:49-07:00,0,75
projects/projects.js,49,js,8cbf0be9,vipra-b,2026-05-01,23:38:49,-07:00,2026-05-01T23:38:49-07:00,1,56
projects/projects.js,50,js,8cbf0be9,vipra-b,2026-05-01,23:38:49,-07:00,2026-05-01T23:38:49-07:00,2,33
projects/projects.js,51,js,8cbf0be9,vipra-b,2026-05-01,23:38:49,-07:00,2026-05-01T23:38:49-07:00,2,44
projects/projects.js,52,js,8cbf0be9,vipra-b,2026-05-01,23:38:49,-07:00,2026-05-01T23:38:49-07:00,2,27
projects/projects.js,53,js,8cbf0be9,vipra-b,2026-05-01,23:38:49,-07:00,2026-05-01T23:38:49-07:00,3,31
projects/projects.js,54,js,8cbf0be9,vipra-b,2026-05-01,23:38:49,-07:00,2026-05-01T23:38:49-07:00,3,29
projects/projects.js,55,js,8cbf0be9,vipra-b,2026-05-01,23:38:49,-07:00,2026-05-01T23:38:49-07:00,1,1
projects/projects.js,56,js,8cbf0be9,vipra-b,2026-05-01,23:38:49,-07:00,2026-05-01T23:38:49-07:00,1,57
projects/projects.js,57,js,8cbf0be9,vipra-b,2026-05-01,23:38:49,-07:00,2026-05-01T23:38:49-07:00,2,33
projects/projects.js,58,js,8cbf0be9,vipra-b,2026-05-01,23:38:49,-07:00,2026-05-01T23:38:49-07:00,2,26
projects/projects.js,59,js,8cbf0be9,vipra-b,2026-05-01,23:38:49,-07:00,2026-05-01T23:38:49-07:00,2,37
projects/projects.js,60,js,8cbf0be9,vipra-b,2026-05-01,23:38:49,-07:00,2026-05-01T23:38:49-07:00,2,27
projects/projects.js,61,js,8cbf0be9,vipra-b,2026-05-01,23:38:49,-07:00,2026-05-01T23:38:49-07:00,3,32
projects/projects.js,62,js,8cbf0be9,vipra-b,2026-05-01,23:38:49,-07:00,2026-05-01T23:38:49-07:00,3,30
projects/projects.js,63,js,8cbf0be9,vipra-b,2026-05-01,23:38:49,-07:00,2026-05-01T23:38:49-07:00,1,1
projects/projects.js,64,js,8cbf0be9,vipra-b,2026-05-01,23:38:49,-07:00,2026-05-01T23:38:49-07:00,0,0
projects/projects.js,65,js,8cbf0be9,vipra-b,2026-05-01,23:38:49,-07:00,2026-05-01T23:38:49-07:00,0,0
projects/projects.js,66,js,8cbf0be9,vipra-b,2026-05-01,23:38:49,-07:00,2026-05-01T23:38:49-07:00,0,25
projects/projects.js,67,js,8cbf0be9,vipra-b,2026-05-01,23:38:49,-07:00,2026-05-01T23:38:49-07:00,1,49
projects/projects.js,68,js,8cbf0be9,vipra-b,2026-05-01,23:38:49,-07:00,2026-05-01T23:38:49-07:00,0,0
projects/projects.js,69,js,8cbf0be9,vipra-b,2026-05-01,23:38:49,-07:00,2026-05-01T23:38:49-07:00,0,0
projects/projects.js,70,js,8cbf0be9,vipra-b,2026-05-01,23:38:49,-07:00,2026-05-01T23:38:49-07:00,0,0
projects/projects.js,71,js,8cbf0be9,vipra-b,2026-05-01,23:38:49,-07:00,2026-05-01T23:38:49-07:00,0,41
projects/projects.js,72,js,8cbf0be9,vipra-b,2026-05-01,23:38:49,-07:00,2026-05-01T23:38:49-07:00,1,42
projects/projects.js,73,js,8cbf0be9,vipra-b,2026-05-01,23:38:49,-07:00,2026-05-01T23:38:49-07:00,1,34
projects/projects.js,74,js,8cbf0be9,vipra-b,2026-05-01,23:38:49,-07:00,2026-05-01T23:38:49-07:00,0,0
projects/projects.js,75,js,8cbf0be9,vipra-b,2026-05-01,23:38:49,-07:00,2026-05-01T23:38:49-07:00,1,29
projects/projects.js,76,js,8cbf0be9,vipra-b,2026-05-01,23:38:49,-07:00,2026-05-01T23:38:49-07:00,1,30
projects/projects.js,77,js,8cbf0be9,vipra-b,2026-05-01,23:38:49,-07:00,2026-05-01T23:38:49-07:00,0,0
projects/projects.js,78,js,8cbf0be9,vipra-b,2026-05-01,23:38:49,-07:00,2026-05-01T23:38:49-07:00,1,29
projects/projects.js,79,js,8cbf0be9,vipra-b,2026-05-01,23:38:49,-07:00,2026-05-01T23:38:49-07:00,2,5
projects/projects.js,80,js,8cbf0be9,vipra-b,2026-05-01,23:38:49,-07:00,2026-05-01T23:38:49-07:00,1,0
projects/projects.js,81,js,8cbf0be9,vipra-b,2026-05-01,23:38:49,-07:00,2026-05-01T23:38:49-07:00,0,0
projects/projects.js,82,js,8cbf0be9,vipra-b,2026-05-01,23:38:49,-07:00,2026-05-01T23:38:49-07:00,1,28
projects/projects.js,83,js,8cbf0be9,vipra-b,2026-05-01,23:38:49,-07:00,2026-05-01T23:38:49-07:00,2,15
projects/projects.js,84,js,8cbf0be9,vipra-b,2026-05-01,23:38:49,-07:00,2026-05-01T23:38:49-07:00,2,14
projects/projects.js,85,js,8cbf0be9,vipra-b,2026-05-01,23:38:49,-07:00,2026-05-01T23:38:49-07:00,2,12
projects/projects.js,86,js,8cbf0be9,vipra-b,2026-05-01,23:38:49,-07:00,2026-05-01T23:38:49-07:00,1,0
projects/projects.js,87,js,8cbf0be9,vipra-b,2026-05-01,23:38:49,-07:00,2026-05-01T23:38:49-07:00,0,0
projects/projects.js,88,js,8cbf0be9,vipra-b,2026-05-01,23:38:49,-07:00,2026-05-01T23:38:49-07:00,1,21
projects/projects.js,89,js,8cbf0be9,vipra-b,2026-05-01,23:38:49,-07:00,2026-05-01T23:38:49-07:00,2,24
projects/projects.js,90,js,8cbf0be9,vipra-b,2026-05-01,23:38:49,-07:00,2026-05-01T23:38:49-07:00,3,11
projects/projects.js,91,js,8cbf0be9,vipra-b,2026-05-01,23:38:49,-07:00,2026-05-01T23:38:49-07:00,3,10
projects/projects.js,92,js,8cbf0be9,vipra-b,2026-05-01,23:38:49,-07:00,2026-05-01T23:38:49-07:00,2,1
projects/projects.js,93,js,8cbf0be9,vipra-b,2026-05-01,23:38:49,-07:00,2026-05-01T23:38:49-07:00,2,33
projects/projects.js,94,js,8cbf0be9,vipra-b,2026-05-01,23:38:49,-07:00,2026-05-01T23:38:49-07:00,0,0
projects/projects.js,95,js,8cbf0be9,vipra-b,2026-05-01,23:38:49,-07:00,2026-05-01T23:38:49-07:00,1,59
projects/projects.js,96,js,8cbf0be9,vipra-b,2026-05-01,23:38:49,-07:00,2026-05-01T23:38:49-07:00,1,63
projects/projects.js,97,js,8cbf0be9,vipra-b,2026-05-01,23:38:49,-07:00,2026-05-01T23:38:49-07:00,1,35
projects/projects.js,98,js,8cbf0be9,vipra-b,2026-05-01,23:38:49,-07:00,2026-05-01T23:38:49-07:00,0,0
projects/projects.js,99,js,8cbf0be9,vipra-b,2026-05-01,23:38:49,-07:00,2026-05-01T23:38:49-07:00,1,43
projects/projects.js,100,js,8cbf0be9,vipra-b,2026-05-01,23:38:49,-07:00,2026-05-01T23:38:49-07:00,0,0
projects/projects.js,101,js,8cbf0be9,vipra-b,2026-05-01,23:38:49,-07:00,2026-05-01T23:38:49-07:00,1,22
projects/projects.js,102,js,8cbf0be9,vipra-b,2026-05-01,23:38:49,-07:00,2026-05-01T23:38:49-07:00,2,30
projects/projects.js,103,js,8cbf0be9,vipra-b,2026-05-01,23:38:49,-07:00,2026-05-01T23:38:49-07:00,2,24
projects/projects.js,104,js,8cbf0be9,vipra-b,2026-05-01,23:38:49,-07:00,2026-05-01T23:38:49-07:00,2,1
projects/projects.js,105,js,8cbf0be9,vipra-b,2026-05-01,23:38:49,-07:00,2026-05-01T23:38:49-07:00,3,13
projects/projects.js,106,js,8cbf0be9,vipra-b,2026-05-01,23:38:49,-07:00,2026-05-01T23:38:49-07:00,3,7
projects/projects.js,107,js,8cbf0be9,vipra-b,2026-05-01,23:38:49,-07:00,2026-05-01T23:38:49-07:00,3,17
projects/projects.js,108,js,8cbf0be9,vipra-b,2026-05-01,23:38:49,-07:00,2026-05-01T23:38:49-07:00,3,25
projects/projects.js,109,js,8cbf0be9,vipra-b,2026-05-01,23:38:49,-07:00,2026-05-01T23:38:49-07:00,3,28
projects/projects.js,110,js,8cbf0be9,vipra-b,2026-05-01,23:38:49,-07:00,2026-05-01T23:38:49-07:00,3,18
projects/projects.js,111,js,8cbf0be9,vipra-b,2026-05-01,23:38:49,-07:00,2026-05-01T23:38:49-07:00,4,15
projects/projects.js,112,js,8cbf0be9,vipra-b,2026-05-01,23:38:49,-07:00,2026-05-01T23:38:49-07:00,4,14
projects/projects.js,113,js,8cbf0be9,vipra-b,2026-05-01,23:38:49,-07:00,2026-05-01T23:38:49-07:00,3,1
projects/projects.js,114,js,8cbf0be9,vipra-b,2026-05-01,23:38:49,-07:00,2026-05-01T23:38:49-07:00,1,1
projects/projects.js,115,js,8cbf0be9,vipra-b,2026-05-01,23:38:49,-07:00,2026-05-01T23:38:49-07:00,0,0
projects/projects.js,116,js,8cbf0be9,vipra-b,2026-05-01,23:38:49,-07:00,2026-05-01T23:38:49-07:00,1,19
projects/projects.js,117,js,8cbf0be9,vipra-b,2026-05-01,23:38:49,-07:00,2026-05-01T23:38:49-07:00,2,4
projects/projects.js,118,js,8cbf0be9,vipra-b,2026-05-01,23:38:49,-07:00,2026-05-01T23:38:49-07:00,3,11
projects/projects.js,119,js,8cbf0be9,vipra-b,2026-05-01,23:38:49,-07:00,2026-05-01T23:38:49-07:00,3,28
projects/projects.js,120,js,8cbf0be9,vipra-b,2026-05-01,23:38:49,-07:00,2026-05-01T23:38:49-07:00,3,45
projects/projects.js,121,js,8cbf0be9,vipra-b,2026-05-01,23:38:49,-07:00,2026-05-01T23:38:49-07:00,3,68
projects/projects.js,122,js,8cbf0be9,vipra-b,2026-05-01,23:38:49,-07:00,2026-05-01T23:38:49-07:00,3,18
projects/projects.js,123,js,8cbf0be9,vipra-b,2026-05-01,23:38:49,-07:00,2026-05-01T23:38:49-07:00,4,18
projects/projects.js,124,js,8cbf0be9,vipra-b,2026-05-01,23:38:49,-07:00,2026-05-01T23:38:49-07:00,4,14
projects/projects.js,125,js,8cbf0be9,vipra-b,2026-05-01,23:38:49,-07:00,2026-05-01T23:38:49-07:00,3,1
projects/projects.js,126,js,8cbf0be9,vipra-b,2026-05-01,23:38:49,-07:00,2026-05-01T23:38:49-07:00,1,1
projects/projects.js,127,js,8cbf0be9,vipra-b,2026-05-01,23:38:49,-07:00,2026-05-01T23:38:49-07:00,0,0
projects/projects.js,128,js,8cbf0be9,vipra-b,2026-05-01,23:38:49,-07:00,2026-05-01T23:38:49-07:00,1,47
projects/projects.js,129,js,8cbf0be9,vipra-b,2026-05-01,23:38:49,-07:00,2026-05-01T23:38:49-07:00,0,0
projects/projects.js,130,js,8cbf0be9,vipra-b,2026-05-01,23:38:49,-07:00,2026-05-01T23:38:49-07:00,0,0
projects/projects.js,131,js,8cbf0be9,vipra-b,2026-05-01,23:38:49,-07:00,2026-05-01T23:38:49-07:00,0,24
projects/projects.js,132,js,8cbf0be9,vipra-b,2026-05-01,23:38:49,-07:00,2026-05-01T23:38:49-07:00,1,19
projects/projects.js,133,js,8cbf0be9,vipra-b,2026-05-01,23:38:49,-07:00,2026-05-01T23:38:49-07:00,1,34
projects/projects.js,134,js,8cbf0be9,vipra-b,2026-05-01,23:38:49,-07:00,2026-05-01T23:38:49-07:00,1,38
projects/projects.js,135,js,8cbf0be9,vipra-b,2026-05-01,23:38:49,-07:00,2026-05-01T23:38:49-07:00,1,26
projects/projects.js,136,js,8cbf0be9,vipra-b,2026-05-01,23:38:49,-07:00,2026-05-01T23:38:49-07:00,1,47
projects/projects.js,137,js,8cbf0be9,vipra-b,2026-05-01,23:38:49,-07:00,2026-05-01T23:38:49-07:00,1,21
projects/projects.js,138,js,8cbf0be9,vipra-b,2026-05-01,23:38:49,-07:00,2026-05-01T23:38:49-07:00,0,0
projects/projects.js,139,js,b581d175,vipra-b,2026-04-24,20:30:55,-07:00,2026-04-24T20:30:55-07:00,0,0
projects/projects.js,140,js,8cbf0be9,vipra-b,2026-05-01,23:38:49,-07:00,2026-05-01T23:38:49-07:00,0,16
projects/projects.js,141,js,8cbf0be9,vipra-b,2026-05-01,23:38:49,-07:00,2026-05-01T23:38:49-07:00,1,48
projects/projects.js,142,js,8cbf0be9,vipra-b,2026-05-01,23:38:49,-07:00,2026-05-01T23:38:49-07:00,2,25
projects/projects.js,143,js,8cbf0be9,vipra-b,2026-05-01,23:38:49,-07:00,2026-05-01T23:38:49-07:00,2,14
projects/projects.js,144,js,8cbf0be9,vipra-b,2026-05-01,23:38:49,-07:00,2026-05-01T23:38:49-07:00,1,1
projects/projects.js,145,js,b581d175,vipra-b,2026-04-24,20:30:55,-07:00,2026-04-24T20:30:55-07:00,0,0
projects/projects.js,146,js,b581d175,vipra-b,2026-04-24,20:30:55,-07:00,2026-04-24T20:30:55-07:00,0,0
projects/projects.js,147,js,8cbf0be9,vipra-b,2026-05-01,23:38:49,-07:00,2026-05-01T23:38:49-07:00,0,14
projects/index.html,1,html,a2abfdcc,vipra-b,2026-04-03,21:19:12,-07:00,2026-04-03T21:19:12-07:00,0,13
projects/index.html,2,html,a2abfdcc,vipra-b,2026-04-03,21:19:12,-07:00,2026-04-03T21:19:12-07:00,0,14
projects/index.html,3,html,a2abfdcc,vipra-b,2026-04-03,21:19:12,-07:00,2026-04-03T21:19:12-07:00,0,4
projects/index.html,4,html,a2abfdcc,vipra-b,2026-04-03,21:19:12,-07:00,2026-04-03T21:19:12-07:00,2,20
projects/index.html,5,html,a2abfdcc,vipra-b,2026-04-03,21:19:12,-07:00,2026-04-03T21:19:12-07:00,2,68
projects/index.html,6,html,a2abfdcc,vipra-b,2026-04-03,21:19:12,-07:00,2026-04-03T21:19:12-07:00,2,36
projects/index.html,7,html,a2abfdcc,vipra-b,2026-04-03,21:19:12,-07:00,2026-04-03T21:19:12-07:00,2,41
projects/index.html,8,html,a2abfdcc,vipra-b,2026-04-03,21:19:12,-07:00,2026-04-03T21:19:12-07:00,0,5
projects/index.html,9,html,a2abfdcc,vipra-b,2026-04-03,21:19:12,-07:00,2026-04-03T21:19:12-07:00,0,4
projects/index.html,10,html,14eb8b07,vipra-b,2026-04-24,20:51:31,-07:00,2026-04-24T20:51:31-07:00,2,38
projects/index.html,11,html,8cbf0be9,vipra-b,2026-05-01,23:38:49,-07:00,2026-05-01T23:38:49-07:00,2,36
projects/index.html,12,html,8cbf0be9,vipra-b,2026-05-01,23:38:49,-07:00,2026-05-01T23:38:49-07:00,3,77
projects/index.html,13,html,8cbf0be9,vipra-b,2026-05-01,23:38:49,-07:00,2026-05-01T23:38:49-07:00,3,22
projects/index.html,14,html,8cbf0be9,vipra-b,2026-05-01,23:38:49,-07:00,2026-05-01T23:38:49-07:00,2,4
projects/index.html,15,html,8cbf0be9,vipra-b,2026-05-01,23:38:49,-07:00,2026-05-01T23:38:49-07:00,2,4
projects/index.html,16,html,8cbf0be9,vipra-b,2026-05-01,23:38:49,-07:00,2026-05-01T23:38:49-07:00,3,15
projects/index.html,17,html,8cbf0be9,vipra-b,2026-05-01,23:38:49,-07:00,2026-05-01T23:38:49-07:00,3,11
projects/index.html,18,html,8cbf0be9,vipra-b,2026-05-01,23:38:49,-07:00,2026-05-01T23:38:49-07:00,3,26
projects/index.html,19,html,8cbf0be9,vipra-b,2026-05-01,23:38:49,-07:00,2026-05-01T23:38:49-07:00,3,31
projects/index.html,20,html,8cbf0be9,vipra-b,2026-05-01,23:38:49,-07:00,2026-05-01T23:38:49-07:00,2,0
projects/index.html,21,html,3fdfc0db,vipra-b,2026-04-10,22:33:11,-07:00,2026-04-10T22:33:11-07:00,2,20
projects/index.html,22,html,3fdfc0db,vipra-b,2026-04-10,22:33:11,-07:00,2026-04-10T22:33:11-07:00,2,4
projects/index.html,23,html,14eb8b07,vipra-b,2026-04-24,20:51:31,-07:00,2026-04-24T20:51:31-07:00,2,48
projects/index.html,24,html,14eb8b07,vipra-b,2026-04-24,20:51:31,-07:00,2026-04-24T20:51:31-07:00,2,47
projects/index.html,25,html,a2abfdcc,vipra-b,2026-04-03,21:19:12,-07:00,2026-04-03T21:19:12-07:00,0,5
projects/index.html,26,html,a2abfdcc,vipra-b,2026-04-03,21:19:12,-07:00,2026-04-03T21:19:12-07:00,0,5
contact/index.html,1,html,a2abfdcc,vipra-b,2026-04-03,21:19:12,-07:00,2026-04-03T21:19:12-07:00,0,13
contact/index.html,2,html,a2abfdcc,vipra-b,2026-04-03,21:19:12,-07:00,2026-04-03T21:19:12-07:00,0,14
contact/index.html,3,html,a2abfdcc,vipra-b,2026-04-03,21:19:12,-07:00,2026-04-03T21:19:12-07:00,0,4
contact/index.html,4,html,a2abfdcc,vipra-b,2026-04-03,21:19:12,-07:00,2026-04-03T21:19:12-07:00,2,20
contact/index.html,5,html,a2abfdcc,vipra-b,2026-04-03,21:19:12,-07:00,2026-04-03T21:19:12-07:00,2,68
contact/index.html,6,html,a2abfdcc,vipra-b,2026-04-03,21:19:12,-07:00,2026-04-03T21:19:12-07:00,2,35
contact/index.html,7,html,a2abfdcc,vipra-b,2026-04-03,21:19:12,-07:00,2026-04-03T21:19:12-07:00,2,41
contact/index.html,8,html,a2abfdcc,vipra-b,2026-04-03,21:19:12,-07:00,2026-04-03T21:19:12-07:00,0,5
contact/index.html,9,html,a2abfdcc,vipra-b,2026-04-03,21:19:12,-07:00,2026-04-03T21:19:12-07:00,0,4
contact/index.html,10,html,a2abfdcc,vipra-b,2026-04-03,21:19:12,-07:00,2026-04-03T21:19:12-07:00,0,0
contact/index.html,11,html,a2abfdcc,vipra-b,2026-04-03,21:19:12,-07:00,2026-04-03T21:19:12-07:00,2,14
contact/index.html,12,html,a2abfdcc,vipra-b,2026-04-03,21:19:12,-07:00,2026-04-03T21:19:12-07:00,0,0
contact/index.html,13,html,f538ab7d,vipra-b,2026-04-18,23:48:33,-07:00,2026-04-18T23:48:33-07:00,2,40
contact/index.html,14,html,a2abfdcc,vipra-b,2026-04-03,21:19:12,-07:00,2026-04-03T21:19:12-07:00,4,12
contact/index.html,15,html,a2abfdcc,vipra-b,2026-04-03,21:19:12,-07:00,2026-04-03T21:19:12-07:00,6,41
contact/index.html,16,html,a2abfdcc,vipra-b,2026-04-03,21:19:12,-07:00,2026-04-03T21:19:12-07:00,4,6
contact/index.html,17,html,a2abfdcc,vipra-b,2026-04-03,21:19:12,-07:00,2026-04-03T21:19:12-07:00,0,0
contact/index.html,18,html,a2abfdcc,vipra-b,2026-04-03,21:19:12,-07:00,2026-04-03T21:19:12-07:00,4,9
contact/index.html,19,html,a2abfdcc,vipra-b,2026-04-03,21:19:12,-07:00,2026-04-03T21:19:12-07:00,6,43
contact/index.html,20,html,a2abfdcc,vipra-b,2026-04-03,21:19:12,-07:00,2026-04-03T21:19:12-07:00,4,6
contact/index.html,21,html,a2abfdcc,vipra-b,2026-04-03,21:19:12,-07:00,2026-04-03T21:19:12-07:00,0,0
contact/index.html,22,html,a2abfdcc,vipra-b,2026-04-03,21:19:12,-07:00,2026-04-03T21:19:12-07:00,4,19
contact/index.html,23,html,a2abfdcc,vipra-b,2026-04-03,21:19:12,-07:00,2026-04-03T21:19:12-07:00,2,5
contact/index.html,24,html,b581d175,vipra-b,2026-04-24,20:30:55,-07:00,2026-04-24T20:30:55-07:00,2,48
contact/index.html,25,html,a2abfdcc,vipra-b,2026-04-03,21:19:12,-07:00,2026-04-03T21:19:12-07:00,0,5
contact/index.html,26,html,a2abfdcc,vipra-b,2026-04-03,21:19:12,-07:00,2026-04-03T21:19:12-07:00,0,5
